4.307378836900112952e-35,1.000000000000000000e+00,0.000000000000000000e+00
0.000000000000000000e+00,1.000000000000000000e+00,0.000000000000000000e+00
1.000000000000000000e+00,2.609163528707344425e-18,0.000000000000000000e+00
1.735402395606046032e-32,1.000000000000000000e+00,0.000000000000000000e+00
1.000000000000000000e+00,5.411770365216521444e-21,0.000000000000000000e+00
0.000000000000000000e+00,1.000000000000000000e+00,0.000000000000000000e+00
2.284006763520477052e-23,1.000000000000000000e+00,0.000000000000000000e+00
1.000000000000000000e+00,5.512351294749829559e-21,0.000000000000000000e+00
2.115984839381302662e-71,1.000000000000000000e+00,0.000000000000000000e+00
1.192900977888519176e-37,1.000000000000000000e+00,0.000000000000000000e+00
1.000000000000000000e+00,6.565997231651277064e-21,0.000000000000000000e+00
2.277436130568587236e-01,7.722563869431412487e-01,0.000000000000000000e+00
1.167277425461157048e-69,1.000000000000000000e+00,0.000000000000000000e+00
1.000000000000000000e+00,3.279756770164937996e-21,0.000000000000000000e+00
1.000000000000000000e+00,5.508182067320802602e-21,0.000000000000000000e+00
0.000000000000000000e+00,1.000000000000000000e+00,0.000000000000000000e+00
2.114411736188134584e-07,9.999997885588263191e-01,0.000000000000000000e+00
1.000000000000000000e+00,4.380814541021457444e-21,0.000000000000000000e+00
4.762352613505586491e-49,1.000000000000000000e+00,0.000000000000000000e+00
1.000000000000000000e+00,2.901596120956359566e-19,0.000000000000000000e+00
0.000000000000000000e+00,1.000000000000000000e+00,0.000000000000000000e+00
1.000000000000000000e+00,1.429150729939617737e-18,0.000000000000000000e+00
8.867038164637557794e-112,1.000000000000000000e+00,0.000000000000000000e+00
1.000000000000000000e+00,6.284505865263276066e-21,0.000000000000000000e+00
0.000000000000000000e+00,1.000000000000000000e+00,0.000000000000000000e+00
1.000000000000000000e+00,6.482170331916770429e-18,0.000000000000000000e+00
6.361616092889276846e-93,1.000000000000000000e+00,0.000000000000000000e+00
1.000000000000000000e+00,8.708127595359493182e-21,0.000000000000000000e+00
6.488474407354639941e-73,1.000000000000000000e+00,0.000000000000000000e+00
1.508139765464854408e-73,1.000000000000000000e+00,0.000000000000000000e+00
5.246800122303370906e-118,1.000000000000000000e+00,0.000000000000000000e+00
9.999999999999944489e-01,5.472862872984716595e-15,0.000000000000000000e+00
1.000000000000000000e+00,4.749004206146637183e-21,0.000000000000000000e+00
5.056823675065545327e-82,1.000000000000000000e+00,0.000000000000000000e+00
0.000000000000000000e+00,1.000000000000000000e+00,0.000000000000000000e+00
0.000000000000000000e+00,1.000000000000000000e+00,0.000000000000000000e+00
1.000000000000000000e+00,7.109038217139466027e-21,0.000000000000000000e+00
1.609277589413881887e-05,9.999839072241059057e-01,0.000000000000000000e+00
3.535521930358469724e-22,1.000000000000000000e+00,0.000000000000000000e+00
3.456824818960234439e-89,1.000000000000000000e+00,0.000000000000000000e+00
1.261135978329978695e-02,9.873886402167001419e-01,0.000000000000000000e+00
6.396186761345363707e-06,9.999936038132386518e-01,0.000000000000000000e+00
1.000000000000000000e+00,4.676808284175283220e-21,0.000000000000000000e+00
1.000000000000000000e+00,6.805549817762735222e-21,0.000000000000000000e+00
2.288656121987007162e-41,1.000000000000000000e+00,0.000000000000000000e+00
1.631559737114969674e-41,1.000000000000000000e+00,0.000000000000000000e+00
8.829757225865004247e-18,1.000000000000000000e+00,0.000000000000000000e+00
1.000000000000000000e+00,7.272780402823020005e-21,0.000000000000000000e+00
1.000000000000000000e+00,9.111069417756609162e-21,0.000000000000000000e+00
1.000000000000000000e+00,7.025733798886152727e-21,0.000000000000000000e+00
1.000000000000000000e+00,8.297267675806186206e-20,0.000000000000000000e+00
0.000000000000000000e+00,1.000000000000000000e+00,0.000000000000000000e+00
6.120027185385853813e-41,1.000000000000000000e+00,0.000000000000000000e+00
1.000000000000000000e+00,3.609305345461179381e-22,0.000000000000000000e+00
1.000000000000000000e+00,7.685730094771146054e-21,0.000000000000000000e+00
0.000000000000000000e+00,1.000000000000000000e+00,0.000000000000000000e+00
0.000000000000000000e+00,1.000000000000000000e+00,0.000000000000000000e+00
1.418401200399245209e-126,1.000000000000000000e+00,0.000000000000000000e+00
1.000000000000000000e+00,1.651249480060743429e-17,0.000000000000000000e+00
1.000000000000000000e+00,5.762870899083559520e-21,0.000000000000000000e+00
0.000000000000000000e+00,1.000000000000000000e+00,0.000000000000000000e+00
1.000000000000000000e+00,1.103676336758941588e-20,0.000000000000000000e+00
0.000000000000000000e+00,1.000000000000000000e+00,0.000000000000000000e+00
1.350707044275857263e-96,1.000000000000000000e+00,0.000000000000000000e+00
5.262004200334803171e-92,1.000000000000000000e+00,0.000000000000000000e+00
0.000000000000000000e+00,1.000000000000000000e+00,0.000000000000000000e+00
1.000000000000000000e+00,3.667722699171570269e-26,0.000000000000000000e+00
1.000000000000000000e+00,4.734514242116579572e-21,0.000000000000000000e+00
1.000000000000000000e+00,1.346937237552031721e-21,0.000000000000000000e+00
1.000000000000000000e+00,3.930078911923251872e-21,0.000000000000000000e+00
1.571580023802646483e-60,1.000000000000000000e+00,0.000000000000000000e+00
0.000000000000000000e+00,1.000000000000000000e+00,0.000000000000000000e+00
1.000000000000000000e+00,5.618870197325641335e-21,0.000000000000000000e+00
1.208784831008094894e-12,9.999999999987911892e-01,0.000000000000000000e+00
1.000000000000000000e+00,1.258922991178860148e-20,0.000000000000000000e+00
1.000000000000000000e+00,5.697081773404116490e-21,0.000000000000000000e+00
0.000000000000000000e+00,1.000000000000000000e+00,0.000000000000000000e+00
1.454627162915154665e-90,1.000000000000000000e+00,0.000000000000000000e+00
1.696711676823172165e-86,1.000000000000000000e+00,0.000000000000000000e+00
1.000000000000000000e+00,8.292534547528633722e-21,0.000000000000000000e+00
1.000000000000000000e+00,4.599572063711410617e-25,0.000000000000000000e+00
0.000000000000000000e+00,1.000000000000000000e+00,0.000000000000000000e+00
5.912151550408899962e-09,9.999999940878484539e-01,0.000000000000000000e+00
1.000000000000000000e+00,6.983287006244102754e-21,0.000000000000000000e+00
2.416116503651299379e-101,1.000000000000000000e+00,0.000000000000000000e+00
9.999999707532235549e-01,2.924677653912922996e-08,0.000000000000000000e+00
1.000000000000000000e+00,3.566925460651674424e-21,0.000000000000000000e+00
0.000000000000000000e+00,1.000000000000000000e+00,0.000000000000000000e+00
0.000000000000000000e+00,1.000000000000000000e+00,0.000000000000000000e+00
0.000000000000000000e+00,1.000000000000000000e+00,0.000000000000000000e+00
1.000000000000000000e+00,4.352578735435582563e-21,0.000000000000000000e+00
0.000000000000000000e+00,1.000000000000000000e+00,0.000000000000000000e+00
1.000000000000000000e+00,2.005173033392498371e-20,0.000000000000000000e+00
9.999076955832030267e-01,9.230441679702498315e-05,0.000000000000000000e+00
1.000000000000000000e+00,1.207536847698296947e-29,0.000000000000000000e+00
1.754767206733865974e-98,1.000000000000000000e+00,0.000000000000000000e+00
2.028602216342971532e-37,1.000000000000000000e+00,0.000000000000000000e+00
9.999999999999997780e-01,1.855365918707717063e-16,0.000000000000000000e+00
1.955084855045260198e-43,1.000000000000000000e+00,0.000000000000000000e+00
1.409795762951380259e-136,1.000000000000000000e+00,0.000000000000000000e+00
1.000000000000000000e+00,6.358392311873348039e-19,0.000000000000000000e+00
1.000000000000000000e+00,5.191750025231247102e-21,0.000000000000000000e+00
1.257539346840865269e-19,1.000000000000000000e+00,0.000000000000000000e+00
1.000000000000000000e+00,5.913552622574687559e-21,0.000000000000000000e+00
1.000000000000000000e+00,8.646034014859236142e-21,0.000000000000000000e+00
9.999999999965927255e-01,3.407257158782709843e-12,0.000000000000000000e+00
4.545480598886908027e-98,1.000000000000000000e+00,0.000000000000000000e+00
1.000000000000000000e+00,3.496108069428145984e-21,0.000000000000000000e+00
8.572895727553894744e-108,1.000000000000000000e+00,0.000000000000000000e+00
2.759204574087835165e-110,1.000000000000000000e+00,0.000000000000000000e+00
3.854007115801204064e-76,1.000000000000000000e+00,0.000000000000000000e+00
1.000000000000000000e+00,6.839644929721323037e-21,0.000000000000000000e+00
9.999999999998896438e-01,1.103540453109033880e-13,0.000000000000000000e+00
1.000000000000000000e+00,5.673275285928744810e-21,0.000000000000000000e+00
1.000000000000000000e+00,8.524091595325094853e-21,0.000000000000000000e+00
1.142740971044075247e-68,1.000000000000000000e+00,0.000000000000000000e+00
9.996555282735357650e-01,3.444717264642088868e-04,0.000000000000000000e+00
5.440140298562987260e-03,9.945598597014370101e-01,0.000000000000000000e+00
1.000000000000000000e+00,7.182273239503862338e-21,0.000000000000000000e+00
1.000000000000000000e+00,7.817547721091058353e-21,0.000000000000000000e+00
1.000000000000000000e+00,9.414342128602330129e-21,0.000000000000000000e+00
4.428622127545343627e-92,1.000000000000000000e+00,0.000000000000000000e+00
0.000000000000000000e+00,1.000000000000000000e+00,0.000000000000000000e+00
1.000000000000000000e+00,4.092521207368686321e-21,0.000000000000000000e+00
1.000000000000000000e+00,5.130664852616815702e-28,0.000000000000000000e+00
9.999996606999982385e-01,3.393000017992855192e-07,0.000000000000000000e+00
4.431375090164642193e-50,1.000000000000000000e+00,0.000000000000000000e+00
9.999999999999997780e-01,2.543291427466599329e-16,0.000000000000000000e+00
1.000000000000000000e+00,3.781496207078176606e-17,0.000000000000000000e+00
3.430640734441359629e-07,9.999996569359265175e-01,0.000000000000000000e+00
5.814832205996423739e-08,9.999999418516779537e-01,0.000000000000000000e+00
1.933623304326660793e-129,1.000000000000000000e+00,0.000000000000000000e+00
1.000000000000000000e+00,8.119814081767648177e-21,0.000000000000000000e+00
4.172383810186941703e-22,1.000000000000000000e+00,0.000000000000000000e+00
1.653933332341219177e-101,1.000000000000000000e+00,0.000000000000000000e+00
9.999999999801130190e-01,1.988699969269481117e-11,0.000000000000000000e+00
1.000000000000000000e+00,9.358650425843648239e-21,0.000000000000000000e+00
1.000000000000000000e+00,8.876041709814118964e-20,0.000000000000000000e+00
1.000000000000000000e+00,2.984045940750260813e-21,0.000000000000000000e+00
2.125430839506892192e-21,1.000000000000000000e+00,0.000000000000000000e+00
2.747431551538171121e-22,1.000000000000000000e+00,0.000000000000000000e+00
3.161525269148857787e-09,9.999999968384747362e-01,0.000000000000000000e+00
1.731988651649282176e-83,1.000000000000000000e+00,0.000000000000000000e+00
1.000000000000000000e+00,6.482830179199650915e-21,0.000000000000000000e+00
8.538924941492231841e-44,1.000000000000000000e+00,0.000000000000000000e+00
1.000000000000000000e+00,5.187768498616625935e-25,0.000000000000000000e+00
1.000000000000000000e+00,8.220432310354670342e-21,0.000000000000000000e+00
1.000000000000000000e+00,6.648244606320283137e-21,0.000000000000000000e+00
1.036902523348551956e-43,1.000000000000000000e+00,0.000000000000000000e+00
9.999999999999460432e-01,5.388276820421737667e-14,0.000000000000000000e+00
1.000000000000000000e+00,6.628469879869510857e-21,0.000000000000000000e+00
1.000000000000000000e+00,9.503140160786334060e-21,0.000000000000000000e+00
1.000000000000000000e+00,8.074771940076192372e-21,0.000000000000000000e+00
1.722517912370007113e-25,1.000000000000000000e+00,0.000000000000000000e+00
2.695599782081432971e-25,1.000000000000000000e+00,0.000000000000000000e+00
1.000000000000000000e+00,1.359125302420673166e-22,0.000000000000000000e+00
1.000000000000000000e+00,7.269236138710672559e-21,0.000000000000000000e+00
9.999999999814761509e-01,1.852389339535849540e-11,0.000000000000000000e+00
1.248096468954305817e-87,1.000000000000000000e+00,0.000000000000000000e+00
1.000000000000000000e+00,5.690106568129128620e-22,0.000000000000000000e+00
1.000000000000000000e+00,1.848300279889512989e-20,0.000000000000000000e+00
4.476007919986347511e-61,1.000000000000000000e+00,0.000000000000000000e+00
5.010440734911450498e-138,1.000000000000000000e+00,0.000000000000000000e+00
1.000000000000000000e+00,1.290448445417890053e-20,0.000000000000000000e+00
9.999999999999292788e-01,7.071614439888297350e-14,0.000000000000000000e+00
9.689996337704320613e-51,1.000000000000000000e+00,0.000000000000000000e+00
1.504992791190286005e-79,1.000000000000000000e+00,0.000000000000000000e+00
2.026432156154154886e-109,1.000000000000000000e+00,0.000000000000000000e+00
2.338750290132647078e-23,1.000000000000000000e+00,0.000000000000000000e+00
1.000000000000000000e+00,6.106249420156609707e-21,0.000000000000000000e+00
1.000000000000000000e+00,1.926345680366939861e-24,0.000000000000000000e+00
1.600744195531443310e-13,9.999999999998399058e-01,0.000000000000000000e+00
1.000000000000000000e+00,1.047427887991365413e-22,0.000000000000000000e+00
9.999999999999995559e-01,4.914190832230085457e-16,0.000000000000000000e+00
1.000000000000000000e+00,8.583021745889390476e-21,0.000000000000000000e+00
2.502204806261871492e-54,1.000000000000000000e+00,0.000000000000000000e+00
1.000000000000000000e+00,2.280342223918243366e-19,0.000000000000000000e+00
2.169641564801759736e-145,1.000000000000000000e+00,0.000000000000000000e+00
1.000000000000000000e+00,7.642797124829444495e-21,0.000000000000000000e+00
1.814121791914277045e-64,1.000000000000000000e+00,0.000000000000000000e+00
8.441959339830002389e-20,1.000000000000000000e+00,0.000000000000000000e+00
1.000000000000000000e+00,8.177379595626463582e-21,0.000000000000000000e+00
2.039560776015931686e-52,1.000000000000000000e+00,0.000000000000000000e+00
1.000000000000000000e+00,3.257647852990200686e-19,0.000000000000000000e+00
1.000000000000000000e+00,4.631835352316120088e-21,0.000000000000000000e+00
1.000000000000000000e+00,7.581660508744049078e-21,0.000000000000000000e+00
6.396202580188924949e-60,1.000000000000000000e+00,0.000000000000000000e+00
2.344599987585429867e-65,1.000000000000000000e+00,0.000000000000000000e+00
6.856655668915372288e-21,1.000000000000000000e+00,0.000000000000000000e+00
0.000000000000000000e+00,1.000000000000000000e+00,0.000000000000000000e+00
0.000000000000000000e+00,1.000000000000000000e+00,0.000000000000000000e+00
1.000000000000000000e+00,6.466383709076508870e-20,0.000000000000000000e+00
1.000000000000000000e+00,1.176289769726318387e-20,0.000000000000000000e+00
1.000000000000000000e+00,3.796873142421316520e-21,0.000000000000000000e+00
1.433361189837799061e-06,9.999985666388101491e-01,0.000000000000000000e+00
1.000000000000000000e+00,5.645357820998397674e-21,0.000000000000000000e+00
5.797669827366381319e-94,1.000000000000000000e+00,0.000000000000000000e+00
1.273746351565965666e-130,1.000000000000000000e+00,0.000000000000000000e+00
1.000000000000000000e+00,1.035099017203527188e-20,0.000000000000000000e+00
1.000000000000000000e+00,3.316063799291034634e-21,0.000000000000000000e+00
1.000000000000000000e+00,3.078065446194667384e-26,0.000000000000000000e+00
1.000000000000000000e+00,4.850850076195717113e-17,0.000000000000000000e+00
6.178770408403349013e-01,3.821229591596650987e-01,0.000000000000000000e+00
1.000000000000000000e+00,6.031864722512617285e-21,0.000000000000000000e+00
1.000000000000000000e+00,4.257663047073629903e-21,0.000000000000000000e+00
1.000000000000000000e+00,2.181869548470429902e-17,0.000000000000000000e+00
1.000000000000000000e+00,5.872385046803790861e-19,0.000000000000000000e+00
1.038978679077623177e-33,1.000000000000000000e+00,0.000000000000000000e+00
0.000000000000000000e+00,1.000000000000000000e+00,0.000000000000000000e+00
0.000000000000000000e+00,1.000000000000000000e+00,0.000000000000000000e+00
1.646414660340169803e-82,1.000000000000000000e+00,0.000000000000000000e+00
1.009513498139305914e-21,1.000000000000000000e+00,0.000000000000000000e+00
3.227128264741518410e-40,1.000000000000000000e+00,0.000000000000000000e+00
1.000000000000000000e+00,8.456850264275602315e-22,0.000000000000000000e+00
1.000000000000000000e+00,6.969568731883648655e-21,0.000000000000000000e+00
1.105219016731178520e-92,1.000000000000000000e+00,0.000000000000000000e+00
3.468632380213989831e-87,1.000000000000000000e+00,0.000000000000000000e+00
1.000000000000000000e+00,7.875304065690574652e-21,0.000000000000000000e+00
1.000000000000000000e+00,2.150516436021418232e-24,0.000000000000000000e+00
8.166223257262840213e-15,9.999999999999918954e-01,0.000000000000000000e+00
2.433532631919580167e-52,1.000000000000000000e+00,0.000000000000000000e+00
7.468670211463595837e-34,1.000000000000000000e+00,0.000000000000000000e+00
1.028077555321242067e-112,1.000000000000000000e+00,0.000000000000000000e+00
8.401313920187964881e-52,1.000000000000000000e+00,0.000000000000000000e+00
2.757544925903689205e-28,1.000000000000000000e+00,0.000000000000000000e+00
1.000000000000000000e+00,6.743488593937237053e-21,0.000000000000000000e+00
1.000000000000000000e+00,1.132040725428602236e-20,0.000000000000000000e+00
1.000000000000000000e+00,6.634198126721386564e-21,0.000000000000000000e+00
1.000000000000000000e+00,8.585823187554822074e-21,0.000000000000000000e+00
1.344324757727440692e-12,9.999999999986556309e-01,0.000000000000000000e+00
1.000264681137672452e-115,1.000000000000000000e+00,0.000000000000000000e+00
0.000000000000000000e+00,1.000000000000000000e+00,0.000000000000000000e+00
1.000000000000000000e+00,2.238507531589341713e-24,0.000000000000000000e+00
1.000000000000000000e+00,4.167240533211492254e-21,0.000000000000000000e+00
3.536236263361662314e-142,1.000000000000000000e+00,0.000000000000000000e+00
1.000000000000000000e+00,8.951248701842578038e-21,0.000000000000000000e+00
1.000000000000000000e+00,6.759024341063920723e-21,0.000000000000000000e+00
3.056302120994188788e-80,1.000000000000000000e+00,0.000000000000000000e+00
4.164849020775000054e-72,1.000000000000000000e+00,0.000000000000000000e+00
1.000000000000000000e+00,2.870913573411056326e-18,0.000000000000000000e+00
4.776359773310200608e-89,1.000000000000000000e+00,0.000000000000000000e+00
1.000000000000000000e+00,1.484165716275868393e-19,0.000000000000000000e+00
2.348087923413238602e-118,1.000000000000000000e+00,0.000000000000000000e+00
1.000000000000000000e+00,1.045895861756692189e-20,0.000000000000000000e+00
1.000000000000000000e+00,9.478276297151919740e-21,0.000000000000000000e+00
0.000000000000000000e+00,1.000000000000000000e+00,0.000000000000000000e+00
2.888636862624190103e-10,9.999999997111362893e-01,0.000000000000000000e+00
3.548038971607128969e-08,9.999999645196102627e-01,0.000000000000000000e+00
1.316579040733027299e-104,1.000000000000000000e+00,0.000000000000000000e+00
1.844837662175360034e-09,9.999999981551622730e-01,0.000000000000000000e+00
1.000000000000000000e+00,6.928229240435951620e-21,0.000000000000000000e+00
1.000000000000000000e+00,9.467755903636448847e-21,0.000000000000000000e+00
1.698694927983720034e-26,1.000000000000000000e+00,0.000000000000000000e+00
0.000000000000000000e+00,1.000000000000000000e+00,0.000000000000000000e+00
1.000000000000000000e+00,9.602451907587297752e-21,0.000000000000000000e+00
1.000000000000000000e+00,3.702186746522803270e-17,0.000000000000000000e+00
1.431895153900736195e-12,9.999999999985680343e-01,0.000000000000000000e+00
1.000000000000000000e+00,5.603680863936795842e-21,0.000000000000000000e+00
1.000000000000000000e+00,5.495792207127381080e-21,0.000000000000000000e+00
1.000000000000000000e+00,9.395767844062314292e-21,0.000000000000000000e+00
9.999999991432907409e-01,8.567092190171920464e-10,0.000000000000000000e+00
9.999999999979402032e-01,2.059891578034656390e-12,0.000000000000000000e+00
1.000000000000000000e+00,1.145156710677504336e-23,0.000000000000000000e+00
1.637510331852037186e-91,1.000000000000000000e+00,0.000000000000000000e+00
3.132059421963035301e-120,1.000000000000000000e+00,0.000000000000000000e+00
1.000000000000000000e+00,1.009722572634863235e-20,0.000000000000000000e+00
1.000000000000000000e+00,7.035856335105437395e-29,0.000000000000000000e+00
1.000000000000000000e+00,4.787413636707059459e-21,0.000000000000000000e+00
9.999998510633262283e-01,1.489366737205369779e-07,0.000000000000000000e+00
1.000000000000000000e+00,1.038685110364365844e-19,0.000000000000000000e+00
1.000000000000000000e+00,5.708075144450155231e-21,0.000000000000000000e+00
1.000000000000000000e+00,5.125630699072601240e-21,0.000000000000000000e+00
9.926664930419462074e-01,7.333506958053821224e-03,0.000000000000000000e+00
1.000000000000000000e+00,1.570544374483123636e-20,0.000000000000000000e+00
0.000000000000000000e+00,1.000000000000000000e+00,0.000000000000000000e+00
0.000000000000000000e+00,1.000000000000000000e+00,0.000000000000000000e+00
1.000000000000000000e+00,5.114841120322062595e-21,0.000000000000000000e+00
1.649513420569029133e-10,9.999999998350486141e-01,0.000000000000000000e+00
8.150658703661423977e-50,1.000000000000000000e+00,0.000000000000000000e+00
5.587026895925731784e-128,1.000000000000000000e+00,0.000000000000000000e+00
1.090723779331604473e-23,1.000000000000000000e+00,0.000000000000000000e+00
1.259839603500081546e-44,1.000000000000000000e+00,0.000000000000000000e+00
1.000000000000000000e+00,1.063453433364799603e-19,0.000000000000000000e+00
1.000000000000000000e+00,5.212393004029012341e-21,0.000000000000000000e+00
6.593013044187862048e-01,3.406986955812136841e-01,0.000000000000000000e+00
1.000000000000000000e+00,3.829423699440187877e-21,0.000000000000000000e+00
3.158956437762536934e-95,1.000000000000000000e+00,0.000000000000000000e+00
2.778973062794526649e-88,1.000000000000000000e+00,0.000000000000000000e+00
1.000000000000000000e+00,4.771497321923040249e-19,0.000000000000000000e+00
8.718635482252659742e-12,9.999999999912814186e-01,0.000000000000000000e+00
8.221649470206320783e-139,1.000000000000000000e+00,0.000000000000000000e+00
1.000000000000000000e+00,4.246495984719640138e-21,0.000000000000000000e+00
2.747327066050902982e-53,1.000000000000000000e+00,0.000000000000000000e+00
1.000000000000000000e+00,4.471362698668689599e-21,0.000000000000000000e+00
0.000000000000000000e+00,1.000000000000000000e+00,0.000000000000000000e+00
3.048518943263549319e-111,1.000000000000000000e+00,0.000000000000000000e+00
0.000000000000000000e+00,1.000000000000000000e+00,0.000000000000000000e+00
1.000000000000000000e+00,8.891430395959527733e-21,0.000000000000000000e+00
1.000000000000000000e+00,1.034010511063336232e-20,0.000000000000000000e+00
1.122858816576877702e-118,1.000000000000000000e+00,0.000000000000000000e+00
1.801524562707229773e-32,1.000000000000000000e+00,0.000000000000000000e+00
1.000000000000000000e+00,1.703747993989663117e-20,0.000000000000000000e+00
1.000000000000000000e+00,9.229312685990955206e-21,0.000000000000000000e+00
1.000000000000000000e+00,5.243004722471581049e-22,0.000000000000000000e+00
9.513313194106948384e-66,1.000000000000000000e+00,0.000000000000000000e+00
1.442753884246679618e-58,1.000000000000000000e+00,0.000000000000000000e+00
4.651216799829049250e-96,1.000000000000000000e+00,0.000000000000000000e+00
1.000000000000000000e+00,6.638281213441312381e-21,0.000000000000000000e+00
1.000000000000000000e+00,7.574758628766695302e-21,0.000000000000000000e+00
9.999999997130963880e-01,2.869036122585888639e-10,0.000000000000000000e+00
0.000000000000000000e+00,1.000000000000000000e+00,0.000000000000000000e+00
1.517488353463263227e-47,1.000000000000000000e+00,0.000000000000000000e+00
1.000000000000000000e+00,7.832650711590259675e-21,0.000000000000000000e+00
1.000000000000000000e+00,6.492939346710600122e-21,0.000000000000000000e+00
0.000000000000000000e+00,1.000000000000000000e+00,0.000000000000000000e+00
1.362778979227305268e-46,1.000000000000000000e+00,0.000000000000000000e+00
1.000000000000000000e+00,4.450113849820341019e-21,0.000000000000000000e+00
1.000000000000000000e+00,4.346712295753703656e-21,0.000000000000000000e+00
1.057788793621340004e-72,1.000000000000000000e+00,0.000000000000000000e+00
2.669798859855463825e-52,1.000000000000000000e+00,0.000000000000000000e+00
9.926815757536250968e-104,1.000000000000000000e+00,0.000000000000000000e+00
2.593523726656767809e-115,1.000000000000000000e+00,0.000000000000000000e+00
1.000000000000000000e+00,6.721382327124101237e-19,0.000000000000000000e+00
2.406001716136205903e-18,1.000000000000000000e+00,0.000000000000000000e+00
0.000000000000000000e+00,1.000000000000000000e+00,0.000000000000000000e+00
1.000000000000000000e+00,5.867758538059309521e-21,0.000000000000000000e+00
1.000000000000000000e+00,7.772274112717530208e-21,0.000000000000000000e+00
7.586504016118001148e-122,1.000000000000000000e+00,0.000000000000000000e+00
1.000000000000000000e+00,5.947518047219367871e-21,0.000000000000000000e+00
1.000000000000000000e+00,2.116958460321095939e-30,0.000000000000000000e+00
1.000000000000000000e+00,8.666557394410577049e-21,0.000000000000000000e+00
0.000000000000000000e+00,1.000000000000000000e+00,0.000000000000000000e+00
2.944102583494158672e-41,1.000000000000000000e+00,0.000000000000000000e+00
1.000000000000000000e+00,6.594582352651815490e-21,0.000000000000000000e+00
9.442796154834538714e-39,1.000000000000000000e+00,0.000000000000000000e+00
1.000000000000000000e+00,6.328383571975871727e-19,0.000000000000000000e+00
0.000000000000000000e+00,1.000000000000000000e+00,0.000000000000000000e+00
0.000000000000000000e+00,1.000000000000000000e+00,0.000000000000000000e+00
1.208437397579456348e-36,1.000000000000000000e+00,0.000000000000000000e+00
1.000000000000000000e+00,4.814381515691559393e-21,0.000000000000000000e+00
4.968060756766437907e-65,1.000000000000000000e+00,0.000000000000000000e+00
7.598234511439976743e-07,9.999992401765489536e-01,0.000000000000000000e+00
1.000000000000000000e+00,3.347932884544008801e-25,0.000000000000000000e+00
9.335392425617458959e-31,1.000000000000000000e+00,0.000000000000000000e+00
3.907919319415006536e-93,1.000000000000000000e+00,0.000000000000000000e+00
1.357509581345222104e-138,1.000000000000000000e+00,0.000000000000000000e+00
1.000000000000000000e+00,7.599399909418900244e-21,0.000000000000000000e+00
2.309035762358674801e-73,1.000000000000000000e+00,0.000000000000000000e+00
1.824557047594658329e-141,1.000000000000000000e+00,0.000000000000000000e+00
4.756469590634686644e-78,1.000000000000000000e+00,0.000000000000000000e+00
8.714416527540707735e-04,9.991285583472458987e-01,0.000000000000000000e+00
1.000000000000000000e+00,7.223232541905035730e-21,0.000000000000000000e+00
1.000000000000000000e+00,6.289348845037986325e-21,0.000000000000000000e+00
0.000000000000000000e+00,1.000000000000000000e+00,0.000000000000000000e+00
6.831649068121771212e-12,9.999999999931683536e-01,0.000000000000000000e+00
1.923538424333305389e-14,9.999999999999806821e-01,0.000000000000000000e+00
1.756515275277885304e-53,1.000000000000000000e+00,0.000000000000000000e+00
2.829355600450220298e-07,9.999997170644400191e-01,0.000000000000000000e+00
1.017663513417824328e-66,1.000000000000000000e+00,0.000000000000000000e+00
1.000000000000000000e+00,6.859157710485668968e-21,0.000000000000000000e+00
0.000000000000000000e+00,1.000000000000000000e+00,0.000000000000000000e+00
1.883519766441708160e-97,1.000000000000000000e+00,0.000000000000000000e+00
9.999993851120109190e-01,6.148879890935834622e-07,0.000000000000000000e+00
9.100118778933392876e-39,1.000000000000000000e+00,0.000000000000000000e+00
0.000000000000000000e+00,1.000000000000000000e+00,0.000000000000000000e+00
1.000000000000000000e+00,1.802224003736806050e-19,0.000000000000000000e+00
3.954877087114407520e-39,1.000000000000000000e+00,0.000000000000000000e+00
5.255214759136570747e-106,1.000000000000000000e+00,0.000000000000000000e+00
1.000000000000000000e+00,5.473341652451431599e-21,0.000000000000000000e+00
8.596437928740533274e-22,1.000000000000000000e+00,0.000000000000000000e+00
1.048171441417893774e-09,9.999999989518285615e-01,0.000000000000000000e+00
1.000000000000000000e+00,8.295665364253644522e-21,0.000000000000000000e+00
1.000000000000000000e+00,5.037836558246171395e-21,0.000000000000000000e+00
5.225404731664120270e-115,1.000000000000000000e+00,0.000000000000000000e+00
1.000000000000000000e+00,4.299721195850995137e-20,0.000000000000000000e+00
7.152022368107408723e-27,1.000000000000000000e+00,0.000000000000000000e+00
9.999999998991457861e-01,1.008540918889295247e-10,0.000000000000000000e+00
8.408333655234508935e-44,1.000000000000000000e+00,0.000000000000000000e+00
1.000000000000000000e+00,7.784877792363498823e-21,0.000000000000000000e+00
0.000000000000000000e+00,1.000000000000000000e+00,0.000000000000000000e+00
0.000000000000000000e+00,1.000000000000000000e+00,0.000000000000000000e+00
1.000000000000000000e+00,9.338820761131252995e-21,0.000000000000000000e+00
6.491540940218341226e-43,1.000000000000000000e+00,0.000000000000000000e+00
4.559799079608055628e-118,1.000000000000000000e+00,0.000000000000000000e+00
9.899306967084024931e-26,1.000000000000000000e+00,0.000000000000000000e+00
1.000000000000000000e+00,3.243809272982362678e-21,0.000000000000000000e+00
1.000000000000000000e+00,8.807968677247894991e-21,0.000000000000000000e+00
1.296927815452954318e-47,1.000000000000000000e+00,0.000000000000000000e+00
1.316743483960721744e-37,1.000000000000000000e+00,0.000000000000000000e+00
1.000000000000000000e+00,1.508094574174104293e-20,0.000000000000000000e+00
3.633691271067708651e-137,1.000000000000000000e+00,0.000000000000000000e+00
9.789384713389809925e-15,9.999999999999902300e-01,0.000000000000000000e+00
1.000000000000000000e+00,2.993122568864613844e-21,0.000000000000000000e+00
1.717527760089941876e-107,1.000000000000000000e+00,0.000000000000000000e+00
1.000000000000000000e+00,9.001951337046294687e-21,0.000000000000000000e+00
1.000000000000000000e+00,7.608239999009927307e-21,0.000000000000000000e+00
1.000000000000000000e+00,3.994703175640657546e-21,0.000000000000000000e+00
0.000000000000000000e+00,1.000000000000000000e+00,0.000000000000000000e+00
0.000000000000000000e+00,1.000000000000000000e+00,0.000000000000000000e+00
7.048045351025028417e-99,1.000000000000000000e+00,0.000000000000000000e+00
1.000000000000000000e+00,4.931261998663050415e-21,0.000000000000000000e+00
8.196533768629945538e-01,1.803466231370055017e-01,0.000000000000000000e+00
1.000000000000000000e+00,3.307252472101563388e-21,0.000000000000000000e+00
9.999999999634274772e-01,3.657246513756975579e-11,0.000000000000000000e+00
8.130435503966414821e-23,1.000000000000000000e+00,0.000000000000000000e+00
9.051768252374577563e-63,1.000000000000000000e+00,0.000000000000000000e+00
8.965118327991582589e-126,1.000000000000000000e+00,0.000000000000000000e+00
9.999999999941804329e-01,5.819624258857167499e-12,0.000000000000000000e+00
1.000000000000000000e+00,6.413279370810891530e-18,0.000000000000000000e+00
1.000000000000000000e+00,4.529418888850325650e-21,0.000000000000000000e+00
1.000000000000000000e+00,7.679930965917832653e-22,0.000000000000000000e+00
9.999999996914988865e-01,3.085011689488565767e-10,0.000000000000000000e+00
1.000000000000000000e+00,6.192414643753820017e-21,0.000000000000000000e+00
1.099530262157434270e-38,1.000000000000000000e+00,0.000000000000000000e+00
1.000000000000000000e+00,7.388204384074440071e-20,0.000000000000000000e+00
1.000000000000000000e+00,4.012149914208014290e-21,0.000000000000000000e+00
1.026210281020020198e-52,1.000000000000000000e+00,0.000000000000000000e+00
1.000000000000000000e+00,5.445669735701296590e-21,0.000000000000000000e+00
1.000000000000000000e+00,7.757095054147338331e-21,0.000000000000000000e+00
3.154993097102847547e-29,1.000000000000000000e+00,0.000000000000000000e+00
7.405622367753162298e-14,9.999999999999260591e-01,0.000000000000000000e+00
1.839356798972625046e-143,1.000000000000000000e+00,0.000000000000000000e+00
3.798357084838406329e-38,1.000000000000000000e+00,0.000000000000000000e+00
1.286388868607426546e-16,9.999999999999998890e-01,0.000000000000000000e+00
1.000000000000000000e+00,9.447977585407053081e-21,0.000000000000000000e+00
1.987112751414920561e-34,1.000000000000000000e+00,0.000000000000000000e+00
1.324532204919764110e-03,9.986754677950802073e-01,0.000000000000000000e+00
1.000000000000000000e+00,2.360301697353764791e-17,0.000000000000000000e+00
1.000000000000000000e+00,2.988041636397374922e-21,0.000000000000000000e+00
1.498631806137170065e-48,1.000000000000000000e+00,0.000000000000000000e+00
1.000000000000000000e+00,5.906611268499858115e-21,0.000000000000000000e+00
6.480330911852797942e-09,9.999999935196690615e-01,0.000000000000000000e+00
0.000000000000000000e+00,1.000000000000000000e+00,0.000000000000000000e+00
1.000000000000000000e+00,2.816887331352416199e-26,0.000000000000000000e+00
1.000000000000000000e+00,8.968837063186516341e-21,0.000000000000000000e+00
1.000000000000000000e+00,8.613124720228029272e-20,0.000000000000000000e+00
0.000000000000000000e+00,1.000000000000000000e+00,0.000000000000000000e+00
8.395980138676941110e-102,1.000000000000000000e+00,0.000000000000000000e+00
1.225707203262051914e-35,1.000000000000000000e+00,0.000000000000000000e+00
1.117253340931079474e-04,9.998882746659067955e-01,0.000000000000000000e+00
1.000000000000000000e+00,7.229259007727916425e-21,0.000000000000000000e+00
3.800595856081350157e-31,1.000000000000000000e+00,0.000000000000000000e+00
3.000149297196181747e-50,1.000000000000000000e+00,0.000000000000000000e+00
0.000000000000000000e+00,1.000000000000000000e+00,0.000000000000000000e+00
6.890496473788854356e-48,1.000000000000000000e+00,0.000000000000000000e+00
1.781574629128451820e-59,1.000000000000000000e+00,0.000000000000000000e+00
1.000000000000000000e+00,9.991977360305978485e-21,0.000000000000000000e+00
4.254915130261207240e-23,1.000000000000000000e+00,0.000000000000000000e+00
1.031366803063894144e-49,1.000000000000000000e+00,0.000000000000000000e+00
0.000000000000000000e+00,1.000000000000000000e+00,0.000000000000000000e+00
1.000000000000000000e+00,3.930688179243407717e-21,0.000000000000000000e+00
1.000000000000000000e+00,4.703838239172424820e-21,0.000000000000000000e+00
1.000000000000000000e+00,1.382442695489674806e-20,0.000000000000000000e+00
0.000000000000000000e+00,1.000000000000000000e+00,0.000000000000000000e+00
1.000000000000000000e+00,2.842774094571561811e-20,0.000000000000000000e+00
8.562424025086545957e-151,1.000000000000000000e+00,0.000000000000000000e+00
1.481806421180329399e-75,1.000000000000000000e+00,0.000000000000000000e+00
0.000000000000000000e+00,1.000000000000000000e+00,0.000000000000000000e+00
1.926256161522334660e-58,1.000000000000000000e+00,0.000000000000000000e+00
0.000000000000000000e+00,1.000000000000000000e+00,0.000000000000000000e+00
5.897154267548500581e-13,9.999999999994102495e-01,0.000000000000000000e+00
1.899462798231590526e-70,1.000000000000000000e+00,0.000000000000000000e+00
1.000000000000000000e+00,7.520762754548482962e-20,0.000000000000000000e+00
2.771614542912704996e-108,1.000000000000000000e+00,0.000000000000000000e+00
7.299442880404053424e-01,2.700557119595947131e-01,0.000000000000000000e+00
1.000000000000000000e+00,6.451921718839138828e-21,0.000000000000000000e+00
9.807668912549395352e-76,1.000000000000000000e+00,0.000000000000000000e+00
9.194347250873559085e-01,8.056527491264398044e-02,0.000000000000000000e+00
7.101016731261496818e-99,1.000000000000000000e+00,0.000000000000000000e+00
7.557251169324860722e-29,1.000000000000000000e+00,0.000000000000000000e+00
1.575605099192455352e-02,9.842439490080754361e-01,0.000000000000000000e+00
2.489482544213243817e-18,1.000000000000000000e+00,0.000000000000000000e+00
3.318750981699468247e-157,1.000000000000000000e+00,0.000000000000000000e+00
0.000000000000000000e+00,1.000000000000000000e+00,0.000000000000000000e+00
1.000000000000000000e+00,5.711469594502864663e-19,0.000000000000000000e+00
0.000000000000000000e+00,1.000000000000000000e+00,0.000000000000000000e+00
3.008342025986229101e-02,9.699165797401376743e-01,0.000000000000000000e+00
1.870297010483273903e-01,8.129702989516724987e-01,0.000000000000000000e+00
1.000000000000000000e+00,4.617744490944894711e-21,0.000000000000000000e+00
1.000000000000000000e+00,3.227879800193724410e-21,0.000000000000000000e+00
1.000000000000000000e+00,1.511121939537315850e-23,0.000000000000000000e+00
1.175042304404945867e-122,1.000000000000000000e+00,0.000000000000000000e+00
1.000000000000000000e+00,8.062885295122717717e-21,0.000000000000000000e+00
1.000000000000000000e+00,9.420502595930883913e-21,0.000000000000000000e+00
4.179193439914666843e-129,1.000000000000000000e+00,0.000000000000000000e+00
2.582058911382568689e-107,1.000000000000000000e+00,0.000000000000000000e+00
1.000000000000000000e+00,1.168098178369122596e-20,0.000000000000000000e+00
1.000000000000000000e+00,5.904348244810833482e-21,0.000000000000000000e+00
2.062755114248964359e-39,1.000000000000000000e+00,0.000000000000000000e+00
1.000000000000000000e+00,8.975953855327029636e-24,0.000000000000000000e+00
5.367856919124904674e-02,9.463214308087509741e-01,0.000000000000000000e+00
1.028744460176192222e-69,1.000000000000000000e+00,0.000000000000000000e+00
0.000000000000000000e+00,1.000000000000000000e+00,0.000000000000000000e+00
6.622515377072552995e-39,1.000000000000000000e+00,0.000000000000000000e+00
1.000000000000000000e+00,7.701751187913656034e-21,0.000000000000000000e+00
2.340069574775280412e-41,1.000000000000000000e+00,0.000000000000000000e+00
1.666855845522275650e-24,1.000000000000000000e+00,0.000000000000000000e+00
1.000000000000000000e+00,3.975554975475156010e-21,0.000000000000000000e+00
2.853822293517095561e-66,1.000000000000000000e+00,0.000000000000000000e+00
1.000000000000000000e+00,6.175070374838375778e-23,0.000000000000000000e+00
