,Fecha,estado real,estado estimado,error,probabilidad estado 1,probabilidad estado 2,probabilidad estado 3
LTP Control_1_1,2019-04-30,1.0,1.0,0.0,0.8090841252492141,0.1908308641787451,8.501057204055775e-05
LTP Control_1_1,2019-05-01,1.0,1.0,0.0,0.7825509580426343,0.21731048383524756,0.00013855812211804172
LTP Control_1_1,2019-05-02,1.0,1.0,0.0,0.7414351344604379,0.2583848981232769,0.00017996741628532423
LTP Control_1_1,2019-05-03,1.0,1.0,0.0,0.673515920390015,0.32569643715952384,0.0007876424504611427
LTP Control_1_1,2019-05-04,1.0,1.0,0.0,0.6024238544570607,0.3970808361289973,0.0004953094139421
LTP Control_1_1,2019-05-05,1.0,1.0,0.0,0.707707302942387,0.29209939383959904,0.0001933032180137959
LTP Control_1_1,2019-05-06,1.0,1.0,0.0,0.7576183015081202,0.2422648989373428,0.00011679955453708923
LTP Control_1_1,2019-05-07,2.0,1.0,1.0,0.7233054481911885,0.2764588284434518,0.00023572336535964008
LTP Control_1_1,2019-05-14,1.0,1.0,0.0,0.8106070327644711,0.18932808035797702,6.488687755185745e-05
LTP Control_1_1,2019-05-15,1.0,1.0,0.0,0.8068040758143892,0.19309910118285714,9.682300275374609e-05
LTP Control_1_1,2019-05-16,1.0,1.0,0.0,0.7650046569206922,0.2347772419838994,0.00021810109540839451
LTP Control_1_1,2019-05-17,1.0,1.0,0.0,0.755410693810491,0.24448701222676622,0.00010229396274285658
LTP Control_1_1,2019-05-18,1.0,1.0,0.0,0.782544624341515,0.2173555195103108,9.98561481742241e-05
LTP Control_1_1,2019-05-19,1.0,1.0,0.0,0.808537689450606,0.19131989582333,0.0001424147260639249
LTP Control_1_1,2019-05-20,1.0,1.0,0.0,0.582388500112772,0.4168201417006823,0.0007913581865457048
LTP Control_1_1,2019-05-24,1.0,1.0,0.0,0.725242796147155,0.27451657091700754,0.000240632935837315
LTP Control_1_1,2019-05-25,1.0,1.0,0.0,0.7390841248020624,0.2607534538444515,0.00016242135348609217
LTP Control_1_1,2019-05-26,1.0,1.0,0.0,0.7997580863437552,0.2001361742532992,0.0001057394029455739
LTP Control_1_1,2019-05-27,1.0,1.0,0.0,0.7640595359051255,0.23575197018945018,0.00018849390542443204
LTP Control_1_1,2019-05-28,1.0,1.0,0.0,0.6371241236860251,0.3623355831485125,0.0005402931654625231
LTP Control_1_1,2019-05-29,1.0,1.0,0.0,0.7823049228632021,0.21762006215390772,7.501498289020661e-05
LTP Control_1_1,2019-05-30,1.0,1.0,0.0,0.7556982173873196,0.2441803695639427,0.00012141304873780158
LTP Control_1_1,2019-05-31,1.0,1.0,0.0,0.7906241002764777,0.20928400584382037,9.189387970190728e-05
LTP Control_1_1,2019-06-01,1.0,1.0,0.0,0.7969822446966655,0.20291363782885488,0.00010411747447968116
LTP Control_1_1,2019-06-02,1.0,1.0,0.0,0.8028629419840668,0.1970260090066815,0.00011104900925153448
LTP Control_1_1,2019-06-03,1.0,1.0,0.0,0.7563028083010029,0.243548699009576,0.00014849268942099118
LTP Control_1_1,2019-06-04,1.0,1.0,0.0,0.6858257521751792,0.3136285859317617,0.0005456618930591247
LTP Control_1_1,2019-06-05,1.0,1.0,0.0,0.6988860478741755,0.3008404175341871,0.00027353459163736256
LTP Control_1_1,2019-06-06,1.0,1.0,0.0,0.5731205771977352,0.42575602890754466,0.0011233938947201206
LTP Control_1_1,2019-06-07,1.0,1.0,0.0,0.7754228967605017,0.22451168841262578,6.541482687263493e-05
LTP Control_1_1,2019-06-08,1.0,1.0,0.0,0.7161994319741977,0.28356490999878614,0.00023565802701620695
LTP Control_1_1,2019-06-09,1.0,1.0,0.0,0.5724701956438195,0.42624482435027555,0.0012849800059049473
LTP Control_1_1,2019-06-10,1.0,1.0,0.0,0.5943539859092966,0.40453504554207076,0.001110968548632604
LTP Control_1_1,2019-06-11,1.0,1.0,0.0,0.7453857988941434,0.2543620352572294,0.0002521658486271701
LTP Control_1_1,2019-06-12,1.0,1.0,0.0,0.7055458007902949,0.2941245656293147,0.0003296335803902754
LTP Control_1_1,2019-06-13,1.0,1.0,0.0,0.7246749447241371,0.2752028692729842,0.00012218600287873714
LTP Control_1_1,2019-06-14,1.0,1.0,0.0,0.6706526408926127,0.3289530564683141,0.000394302639073257
LTP Control_1_1,2019-06-15,1.0,1.0,0.0,0.7819267822859497,0.21793723957714517,0.00013597813690517598
LTP Control_1_1,2019-06-16,1.0,1.0,0.0,0.76489566563875,0.23496988132943297,0.0001344530318169514
LTP Control_1_1,2019-06-17,1.0,1.0,0.0,0.7040544912837169,0.29562671344713987,0.0003187952691431757
LTP Control_1_1,2019-06-18,1.0,1.0,0.0,0.6444397056962355,0.35505122250698834,0.000509071796776091
LTP Control_1_1,2019-06-19,1.0,1.0,0.0,0.728973468927464,0.2706726252595058,0.0003539058130301971
LTP Control_1_1,2019-06-20,1.0,1.0,0.0,0.6736365772855323,0.3260156131472686,0.0003478095671991773
LTP Control_1_1,2019-06-21,1.0,1.0,0.0,0.7370945606807531,0.262649083018925,0.0002563563003220875
LTP Control_1_1,2019-06-22,1.0,1.0,0.0,0.6631542284936282,0.33640494887474776,0.00044082263162405097
LTP Control_1_1,2019-06-23,1.0,1.0,0.0,0.7425292534833832,0.2571866800405297,0.0002840664760871807
LTP Control_1_1,2019-06-24,1.0,1.0,0.0,0.679487429616457,0.3200197979098216,0.0004927724737214317
LTP Control_1_1,2019-06-25,1.0,1.0,0.0,0.6280056433280212,0.3714386817307968,0.0005556749411819649
LTP Control_1_1,2019-06-26,1.0,1.0,0.0,0.7290281570837523,0.27078090011182965,0.00019094280441802757
LTP Control_1_1,2019-06-27,1.0,1.0,0.0,0.6799881696893407,0.31975504825936335,0.0002567820512958302
LTP Control_1_1,2019-06-28,1.0,1.0,0.0,0.7593468116143269,0.2404115071096149,0.00024168127605816384
LTP Control_1_1,2019-06-29,1.0,1.0,0.0,0.6346271467538205,0.3646780442589925,0.000694808987187016
LTP Control_1_1,2019-06-30,1.0,1.0,0.0,0.6746362064901836,0.3249788183271282,0.00038497518268815764
LTP Control_1_1,2019-07-01,1.0,1.0,0.0,0.6952642112396474,0.3044603442786803,0.0002754444816722981
LTP Control_1_1,2019-07-02,1.0,1.0,0.0,0.561226209227423,0.4378675703051184,0.0009062204674584716
LTP Control_1_1,2019-07-03,1.0,1.0,0.0,0.7459713808062074,0.2537621854763845,0.00026643371740796154
LTP Control_1_1,2019-07-04,1.0,1.0,0.0,0.6471096567651095,0.35246640869029905,0.0004239345445913623
LTP Control_1_1,2019-07-05,1.0,1.0,0.0,0.7357675902855882,0.26402782306566663,0.00020458664874501112
LTP Control_1_1,2019-07-06,1.0,1.0,0.0,0.7059249608159298,0.29372676427972555,0.00034827490434449906
LTP Control_1_1,2019-07-13,1.0,1.0,0.0,0.6871396519235946,0.312480341738557,0.00038000633784839434
LTP Control_1_1,2019-07-14,1.0,1.0,0.0,0.6718286560548875,0.32762562357667363,0.000545720368438777
LTP Control_1_1,2019-07-15,1.0,1.0,0.0,0.606347574903051,0.39304984162305334,0.0006025834738956167
LTP Control_1_1,2019-07-16,1.0,1.0,0.0,0.709353842609823,0.2904509006485494,0.00019525674162745757
LTP Control_1_1,2019-07-17,1.0,1.0,0.0,0.7455091755694676,0.2543040821798712,0.00018674225066127762
LTP Control_1_1,2019-07-18,1.0,1.0,0.0,0.8555157952498026,0.14442219828660396,6.20064635933682e-05
LTP Control_1_1,2019-07-19,1.0,1.0,0.0,0.626725019887033,0.37274288207061657,0.0005320980423505227
LTP Control_1_1,2019-07-20,1.0,1.0,0.0,0.7112051338996095,0.28852775734671726,0.00026710875367324334
LTP Control_1_1,2019-07-21,1.0,1.0,0.0,0.7170654047645013,0.2826928508858639,0.00024174434963485642
LTP Control_1_1,2019-07-22,1.0,1.0,0.0,0.7268625609301849,0.2729447962238516,0.00019264284596344036
LTP Control_1_1,2019-07-24,1.0,1.0,0.0,0.7465797391184326,0.2532100499867242,0.00021021089484309988
LTP Control_1_1,2019-07-25,1.0,1.0,0.0,0.6516156561332627,0.34787609978976736,0.0005082440769700488
LTP Control_1_1,2019-07-26,1.0,1.0,0.0,0.6484976653297311,0.35086417622292987,0.0006381584473389471
LTP Control_1_1,2019-07-27,1.0,1.0,0.0,0.6803884144591197,0.3191791208258859,0.0004324647149944083
LTP Control_1_1,2019-07-28,1.0,1.0,0.0,0.7718660081838543,0.22795150991694904,0.00018248189919653441
LTP Control_1_1,2019-07-29,1.0,1.0,0.0,0.7541885935940099,0.24562200661165778,0.00018939979433223113
LTP Control_1_1,2019-07-30,1.0,1.0,0.0,0.801223181683183,0.19873022434928958,4.6593967527521445e-05
LTP Control_1_1,2019-07-31,1.0,1.0,0.0,0.8236450059250404,0.1762617508914465,9.324318351302275e-05
LTP Control_1_1,2019-08-01,1.0,1.0,0.0,0.7345829319659615,0.2652452432154227,0.00017182481861590363
LTP Control_1_1,2019-08-02,1.0,1.0,0.0,0.698320579632599,0.3014747476092905,0.0002046727581105832
LTP Control_1_1,2019-08-03,1.0,1.0,0.0,0.7256066712959619,0.2742265453539231,0.00016678335011498759
LTP Control_1_1,2019-08-04,1.0,1.0,0.0,0.7776825629330654,0.2222082890059944,0.00010914806094013153
LTP Control_1_1,2019-08-05,1.0,1.0,0.0,0.7048014628862564,0.29495988912650867,0.00023864798723486139
LTP Control_1_1,2019-08-06,1.0,1.0,0.0,0.8117317335577533,0.1881957079537898,7.255848845687443e-05
LTP Control_1_1,2019-08-07,1.0,1.0,0.0,0.7376388782880028,0.2620882382052905,0.00027288350670669914
LTP Control_1_1,2019-08-08,1.0,1.0,0.0,0.6967988767741887,0.3029354486143139,0.0002656746114974123
LTP Control_1_1,2019-08-09,1.0,1.0,0.0,0.6191418992715984,0.3798439988430407,0.0010141018853609724
LTP Control_1_1,2019-08-10,1.0,1.0,0.0,0.6876293016283257,0.31215750722424884,0.00021319114742549317
LTP Control_1_1,2019-08-11,1.0,1.0,0.0,0.8663991187443245,0.13356552325103044,3.535800464500722e-05
LTP Control_1_1,2019-08-12,1.0,1.0,0.0,0.8236625021763511,0.17625867610350643,7.882172014258968e-05
LTP Control_1_1,2019-08-13,1.0,1.0,0.0,0.8235483060103198,0.17639480230596813,5.689168371209014e-05
LTP Control_1_1,2019-08-14,1.0,1.0,0.0,0.8090642079278921,0.1908633599031153,7.243216899275829e-05
LTP Control_1_1,2019-08-15,1.0,1.0,0.0,0.8074666389857214,0.19246647752320262,6.688349107614901e-05
LTP Control_1_1,2019-08-16,1.0,1.0,0.0,0.7653150241925227,0.23457940905696742,0.00010556675050980656
LTP Control_1_1,2019-08-17,1.0,1.0,0.0,0.7526163794034035,0.24725937317207164,0.00012424742452479243
LTP Control_1_1,2019-08-18,1.0,1.0,0.0,0.7861843344637633,0.21368328100544254,0.00013238453079407372
LTP Control_1_1,2019-08-19,1.0,1.0,0.0,0.7169528357356287,0.2829235443263501,0.00012361993802103533
LTP Control_1_1,2019-08-20,1.0,2.0,-1.0,0.2957059781842097,0.6987198876061126,0.0055741342096776916
LTP Control_1_1,2019-08-21,1.0,1.0,0.0,0.8041399692420271,0.19576853878004352,9.14919779292347e-05
LTP Control_1_1,2019-08-22,1.0,1.0,0.0,0.7669214443226299,0.23300213841368347,7.641726368663904e-05
LTP Control_1_1,2019-08-23,1.0,1.0,0.0,0.7209693290712962,0.2788650836739549,0.00016558725474886298
LTP Control_1_1,2019-08-24,1.0,1.0,0.0,0.7969398898655521,0.20297330619611256,8.680393833536251e-05
LTP Control_1_1,2019-08-25,1.0,1.0,0.0,0.7484616992612821,0.25133357497057984,0.0002047257681379741
LTP Control_1_1,2019-08-26,1.0,1.0,0.0,0.7875825550912618,0.21230629911528429,0.00011114579345387169
LTP Control_1_1,2019-08-27,1.0,1.0,0.0,0.8442346956872697,0.15571016667399723,5.513763873300965e-05
LTP Control_1_1,2019-08-28,1.0,1.0,0.0,0.7923149226229,0.20763143399707365,5.364338002621815e-05
LTP Control_1_1,2019-08-29,1.0,1.0,0.0,0.7751069482543529,0.22478549318719607,0.00010755855845101636
LTP Control_1_1,2019-08-30,1.0,1.0,0.0,0.7859908456047894,0.21391939283692024,8.976155829032235e-05
LTP Control_1_1,2019-08-31,1.0,1.0,0.0,0.8133282378957774,0.18656386884321738,0.00010789326100534068
LTP Control_1_1,2019-09-01,1.0,1.0,0.0,0.8304259476961234,0.16950989222912746,6.416007474911266e-05
LTP Control_1_1,2019-09-02,1.0,1.0,0.0,0.8434210664181235,0.1565085231743703,7.041040750622292e-05
LTP Control_1_1,2019-09-03,1.0,1.0,0.0,0.7874573080641973,0.21244351669989872,9.917523590390359e-05
LTP Control_1_1,2019-09-04,1.0,1.0,0.0,0.9239932744245607,0.07597872334833075,2.8002227108389848e-05
LTP Control_1_1,2019-09-05,1.0,1.0,0.0,0.9176809637480045,0.08228803396836477,3.100228363077087e-05
LTP Control_1_1,2019-09-06,1.0,1.0,0.0,0.8588242255555709,0.14109350557259373,8.226887183528336e-05
LTP Control_1_1,2019-09-07,1.0,1.0,0.0,0.9234688924797814,0.07650332706772976,2.7780452488842573e-05
LTP Control_1_1,2019-09-08,1.0,1.0,0.0,0.9360261271686124,0.06395651820926482,1.7354622122768778e-05
LTP Control_1_1,2019-09-09,1.0,1.0,0.0,0.8515445807073181,0.14838561827499944,6.980101768252648e-05
LTP Control_1_1,2019-09-10,1.0,1.0,0.0,0.8104527163902173,0.1895089436240747,3.833998570791503e-05
LTP Control_1_1,2019-09-11,1.0,1.0,0.0,0.8034648608104804,0.19647176690893975,6.337228057988755e-05
LTP Control_1_1,2019-09-12,1.0,1.0,0.0,0.7710012361235608,0.22882425974960044,0.0001745041268387845
LTP Control_1_1,2019-09-13,1.0,1.0,0.0,0.9194482548012143,0.0805440360452931,7.709153492653705e-06
LTP Control_1_1,2019-09-14,1.0,1.0,0.0,0.9300671700647911,0.0699169527058869,1.587722932213057e-05
LTP Control_1_1,2019-09-15,1.0,1.0,0.0,0.8721198398579917,0.12783896729556132,4.119284644685034e-05
LTP Control_1_1,2019-09-16,1.0,1.0,0.0,0.8827057069100057,0.11727652729368246,1.7765796311911132e-05
LTP Control_1_1,2019-09-17,1.0,1.0,0.0,0.8476047431294436,0.15234683577452543,4.842109603107361e-05
LTP Control_1_1,2019-09-18,1.0,1.0,0.0,0.8423479020043911,0.15761183045370467,4.026754190431471e-05
LTP Control_1_1,2019-09-19,1.0,1.0,0.0,0.8823496738877094,0.11762671300640129,2.361310588930927e-05
LTP Control_1_1,2019-09-20,1.0,1.0,0.0,0.8846942191119119,0.11528560766774953,2.017322033862756e-05
LTP Control_1_1,2019-09-21,1.0,1.0,0.0,0.861997825755439,0.13792963047836598,7.254376619501944e-05
LTP Control_1_1,2019-09-22,1.0,1.0,0.0,0.9298122373753118,0.0701813727973461,6.389827342136193e-06
LTP Control_1_1,2019-09-23,1.0,1.0,0.0,0.8568130708280184,0.14317170491117173,1.5224260809773091e-05
LTP Control_1_1,2019-09-24,1.0,1.0,0.0,0.7880889562765153,0.21185366479607426,5.737892741033883e-05
LTP Control_1_1,2019-09-25,1.0,1.0,0.0,0.800724824098135,0.19922156104627944,5.36148555855045e-05
LTP Control_1_1,2019-09-26,1.0,1.0,0.0,0.7980832055133914,0.20186879948093175,4.799500567684872e-05
LTP Control_1_1,2019-09-27,1.0,1.0,0.0,0.8167246941282906,0.1832216388754497,5.3666996259830937e-05
LTP Control_1_1,2019-09-28,1.0,1.0,0.0,0.7685258306851184,0.2314076071914473,6.656212343431402e-05
LTP Control_1_1,2019-09-29,1.0,1.0,0.0,0.836026447562336,0.16391169667302483,6.18557646389712e-05
LTP Control_1_1,2019-09-30,1.0,1.0,0.0,0.9020312461016625,0.0979595643730623,9.18952527531417e-06
LTP Control_1_1,2019-10-01,1.0,1.0,0.0,0.8042514769182115,0.19568142382795384,6.709925383464305e-05
LTP Control_1_1,2019-10-02,1.0,1.0,0.0,0.8258544706826539,0.17406279828054566,8.273103680036803e-05
LTP Control_1_1,2019-10-03,1.0,1.0,0.0,0.8660541562003674,0.13387487355133268,7.097024829972344e-05
LTP Control_1_1,2019-10-04,1.0,1.0,0.0,0.781635806628487,0.21824994159511985,0.00011425177639323012
LTP Control_1_1,2019-10-05,1.0,1.0,0.0,0.7965297179626248,0.20342024179620646,5.004024116860447e-05
LTP Control_1_1,2019-10-06,1.0,1.0,0.0,0.8229896489904689,0.1769631854356947,4.7165573836415254e-05
LTP Control_1_1,2019-10-07,1.0,1.0,0.0,0.79203784383829,0.20790060453277143,6.15516289384861e-05
LTP Control_1_1,2019-10-08,1.0,1.0,0.0,0.8053297098594755,0.19457087657999392,9.941356053064797e-05
LTP Control_1_1,2019-10-09,1.0,1.0,0.0,0.8023973840058247,0.19755088080791341,5.173518626178997e-05
LTP Control_1_1,2019-10-10,1.0,1.0,0.0,0.7697089012994973,0.2301863216387179,0.00010477706178483254
LTP Control_1_1,2019-10-11,1.0,1.0,0.0,0.8672022928748004,0.13276726379865772,3.04433265419561e-05
LTP Control_1_1,2019-10-12,1.0,1.0,0.0,0.8478559334931286,0.15208101438151195,6.305212535933757e-05
LTP Control_1_1,2019-10-13,1.0,1.0,0.0,0.8832909686718713,0.11668534708415335,2.3684243975321742e-05
LTP Control_1_1,2019-10-14,1.0,1.0,0.0,0.9045952270608989,0.09539013621897535,1.4636720125783244e-05
LTP Control_1_1,2019-10-15,1.0,1.0,0.0,0.8868593242384549,0.11313301799158225,7.657769962844228e-06
LTP Control_1_1,2019-10-16,1.0,1.0,0.0,0.8689261570034313,0.13106209144882983,1.1751547738879565e-05
LTP Control_2_1,2019-04-30,1.0,1.0,0.0,0.8594812345527292,0.14048410672991524,3.4658717355576016e-05
LTP Control_2_1,2019-05-01,1.0,1.0,0.0,0.8595558254324178,0.14038644867074562,5.7725896836526735e-05
LTP Control_2_1,2019-05-02,1.0,1.0,0.0,0.8342278898344354,0.16570305938402113,6.90507815433747e-05
LTP Control_2_1,2019-05-03,1.0,1.0,0.0,0.8248045286247249,0.17504759425889427,0.0001478771163808399
LTP Control_2_1,2019-05-04,1.0,1.0,0.0,0.8593181428944933,0.14062611121433022,5.574589117665632e-05
LTP Control_2_1,2019-05-05,1.0,1.0,0.0,0.8678911969155525,0.13206264341876978,4.6159665677728654e-05
LTP Control_2_1,2019-05-06,1.0,1.0,0.0,0.8654254031317767,0.13452907186103694,4.552500718638368e-05
LTP Control_2_1,2019-05-07,1.0,1.0,0.0,0.8103680248058452,0.1895379640762581,9.401111789655191e-05
LTP Control_2_1,2019-05-14,1.0,1.0,0.0,0.833674174486235,0.1662727763518269,5.3049161938056456e-05
LTP Control_2_1,2019-05-15,1.0,1.0,0.0,0.7283667844274839,0.2714520393756965,0.00018117619681949214
LTP Control_2_1,2019-05-16,1.0,1.0,0.0,0.7771704395173124,0.22266485649944923,0.00016470398323843678
LTP Control_2_1,2019-05-17,1.0,1.0,0.0,0.7885938104015765,0.2113380536517253,6.813594669807814e-05
LTP Control_2_1,2019-05-18,1.0,1.0,0.0,0.7664037983593279,0.23350671077071755,8.949086995472418e-05
LTP Control_2_1,2019-05-19,1.0,1.0,0.0,0.815950367682905,0.18394010306372974,0.00010952925336540087
LTP Control_2_1,2019-05-20,1.0,1.0,0.0,0.532903217554491,0.46617492758747037,0.0009218548580386673
LTP Control_2_1,2019-05-24,1.0,1.0,0.0,0.7633675865074467,0.23646791356900898,0.0001644999235441577
LTP Control_2_1,2019-05-25,1.0,1.0,0.0,0.7229131433513777,0.27692869486015403,0.00015816178846814793
LTP Control_2_1,2019-05-26,1.0,1.0,0.0,0.8033951007076847,0.19650801225660602,9.68870357092869e-05
LTP Control_2_1,2019-05-27,1.0,1.0,0.0,0.8058694547077468,0.19400633054690422,0.000124214745348808
LTP Control_2_1,2019-05-28,1.0,1.0,0.0,0.77110919967172,0.22868846896117936,0.00020233136710063752
LTP Control_2_1,2019-05-29,1.0,1.0,0.0,0.7715895504260815,0.22833216251683736,7.8287057081236e-05
LTP Control_2_1,2019-05-30,1.0,1.0,0.0,0.7997155795236363,0.20020856040131219,7.586007505167157e-05
LTP Control_2_1,2019-05-31,1.0,1.0,0.0,0.7777918730735356,0.22210290460804288,0.00010522231842152976
LTP Control_2_1,2019-06-01,1.0,1.0,0.0,0.7996153693818999,0.20028067752541054,0.00010395309268956803
LTP Control_2_1,2019-06-02,1.0,1.0,0.0,0.8129475406372277,0.18694891877926192,0.00010354058351023971
LTP Control_2_1,2019-06-03,1.0,1.0,0.0,0.7964849170294952,0.20341330281317316,0.00010178015733148442
LTP Control_2_1,2019-06-04,1.0,1.0,0.0,0.8198799582680038,0.1799755579989901,0.00014448373300604003
LTP Control_2_1,2019-06-05,1.0,1.0,0.0,0.8037582646222714,0.1961351405827416,0.00010659479498707606
LTP Control_2_1,2019-06-06,1.0,1.0,0.0,0.7465095612851247,0.2532127584981514,0.00027768021672404814
LTP Control_2_1,2019-06-07,1.0,1.0,0.0,0.8304623998446926,0.16949887657402715,3.872358128032349e-05
LTP Control_2_1,2019-06-08,1.0,1.0,0.0,0.7541940999194106,0.24565576500731404,0.0001501350732753421
LTP Control_2_1,2019-06-09,1.0,1.0,0.0,0.7691259090241429,0.23059534675086218,0.0002787442249949166
LTP Control_2_1,2019-06-10,1.0,1.0,0.0,0.7370432776342084,0.2626253287270137,0.00033139363877780114
LTP Control_2_1,2019-06-11,1.0,1.0,0.0,0.8202619834989554,0.17962854753002666,0.00010946897101790088
LTP Control_2_1,2019-06-12,1.0,1.0,0.0,0.7935670895163822,0.20629100931987732,0.0001419011637405912
LTP Control_2_1,2019-06-13,1.0,1.0,0.0,0.8015312418117515,0.19841073006066323,5.80281275852229e-05
LTP Control_2_1,2019-06-14,1.0,1.0,0.0,0.7895237896592837,0.21033806012957743,0.00013815021113895815
LTP Control_2_1,2019-06-15,1.0,1.0,0.0,0.7996477069413089,0.20025060158563038,0.00010169147306080475
LTP Control_2_1,2019-06-16,1.0,1.0,0.0,0.8034708356793828,0.19643954607511788,8.961824549914717e-05
LTP Control_2_1,2019-06-17,1.0,1.0,0.0,0.7848088478578517,0.2150423037130182,0.0001488484291301191
LTP Control_2_1,2019-06-18,1.0,1.0,0.0,0.7372431021143149,0.26253351417418097,0.00022338371150425535
LTP Control_2_1,2019-06-19,1.0,1.0,0.0,0.8120570843268374,0.1877715038117418,0.00017141186142083983
LTP Control_2_1,2019-06-20,1.0,1.0,0.0,0.7673904958432051,0.23244012628099767,0.00016937787579718316
LTP Control_2_1,2019-06-21,1.0,1.0,0.0,0.8152111595449646,0.1846768480086622,0.0001119924463732648
LTP Control_2_1,2019-06-22,1.0,1.0,0.0,0.7836677436262229,0.21617167792219558,0.000160578451581541
LTP Control_2_1,2019-06-23,1.0,1.0,0.0,0.7884151721579434,0.21140700071294458,0.0001778271291119532
LTP Control_2_1,2019-06-24,1.0,1.0,0.0,0.7641540322012166,0.23559227520543358,0.00025369259334984075
LTP Control_2_1,2019-06-25,1.0,1.0,0.0,0.7238118227116205,0.2759284076257078,0.0002597696626716913
LTP Control_2_1,2019-06-26,1.0,1.0,0.0,0.7892202211665625,0.21066229126576178,0.00011748756767572822
LTP Control_2_1,2019-06-27,1.0,1.0,0.0,0.7532510536038711,0.24661261451042674,0.00013633188570229463
LTP Control_2_1,2019-06-28,1.0,1.0,0.0,0.8126133082282311,0.18724139982404495,0.0001452919477238858
LTP Control_2_1,2019-06-29,1.0,1.0,0.0,0.8065191232437148,0.1933127430494315,0.00016813370685383775
LTP Control_2_1,2019-06-30,1.0,1.0,0.0,0.7777290752727637,0.22209615745273198,0.0001747672745041899
LTP Control_2_1,2019-07-01,1.0,1.0,0.0,0.8023350455615337,0.19754717929149512,0.00011777514697119623
LTP Control_2_1,2019-07-02,1.0,1.0,0.0,0.7225730149527705,0.27714149019717593,0.0002854948500536969
LTP Control_2_1,2019-07-03,1.0,1.0,0.0,0.8234498040299884,0.17641528268521983,0.00013491328479174058
LTP Control_2_1,2019-07-04,1.0,1.0,0.0,0.7544269156047796,0.24538668680947104,0.00018639758574933875
LTP Control_2_1,2019-07-05,1.0,1.0,0.0,0.8142879795751892,0.1856165206192648,9.549980554619583e-05
LTP Control_2_1,2019-07-06,1.0,1.0,0.0,0.8009193775278007,0.19894242091103886,0.00013820156116038608
LTP Control_2_1,2019-07-13,1.0,1.0,0.0,0.8092313099122433,0.19062579541552813,0.0001428946722284518
LTP Control_2_1,2019-07-14,1.0,1.0,0.0,0.8225158608680404,0.17734328298224522,0.0001408561497145175
LTP Control_2_1,2019-07-15,1.0,1.0,0.0,0.8067939410971252,0.19307899804103665,0.00012706086183804908
LTP Control_2_1,2019-07-16,1.0,1.0,0.0,0.820627905460083,0.179293420767761,7.867377215582104e-05
LTP Control_2_1,2019-07-17,1.0,1.0,0.0,0.8354151483714803,0.1645028306323041,8.202099621538016e-05
LTP Control_2_1,2019-07-18,1.0,1.0,0.0,0.8639078930711015,0.13603880518215802,5.3301746740476817e-05
LTP Control_2_1,2019-07-19,1.0,1.0,0.0,0.7990569913749649,0.20080033849514298,0.00014267012989227143
LTP Control_2_1,2019-07-20,1.0,1.0,0.0,0.8281609290328608,0.1717386092218398,0.00010046174529932714
LTP Control_2_1,2019-07-21,1.0,1.0,0.0,0.8409346939815676,0.15898497849833174,8.032752010065539e-05
LTP Control_2_1,2019-07-22,1.0,1.0,0.0,0.8421401136071213,0.1577883485683325,7.153782454613646e-05
LTP Control_2_1,2019-07-24,1.0,1.0,0.0,0.8871637200898129,0.11278974025695072,4.6539653236516206e-05
LTP Control_2_1,2019-07-25,1.0,1.0,0.0,0.8982412425539539,0.10171604822329343,4.2709222752617676e-05
LTP Control_2_1,2019-07-26,1.0,1.0,0.0,0.8817364383356716,0.11820045694259675,6.310472173163496e-05
LTP Control_2_1,2019-07-27,1.0,1.0,0.0,0.7729696495075596,0.22686465736069403,0.00016569313174626132
LTP Control_2_1,2019-07-28,1.0,1.0,0.0,0.8900320322649294,0.10991659167657981,5.137605849083629e-05
LTP Control_2_1,2019-07-29,1.0,1.0,0.0,0.8812861206339353,0.1186650349707709,4.884439529378581e-05
LTP Control_2_1,2019-07-30,1.0,1.0,0.0,0.7878015839641971,0.21213898427342665,5.943176237610301e-05
LTP Control_2_1,2019-07-31,1.0,1.0,0.0,0.8636903470279435,0.13624789418229977,6.175878975669987e-05
LTP Control_2_1,2019-08-01,1.0,1.0,0.0,0.8771243643545775,0.12283400889657989,4.162674884260608e-05
LTP Control_2_1,2019-08-02,1.0,1.0,0.0,0.8223246616357285,0.1775928375410805,8.250082319112936e-05
LTP Control_2_1,2019-08-03,1.0,1.0,0.0,0.832079168128824,0.16785071311488609,7.011875628993275e-05
LTP Control_2_1,2019-08-04,1.0,1.0,0.0,0.8694224235138301,0.13053581942551654,4.175706065348218e-05
LTP Control_2_1,2019-08-05,1.0,1.0,0.0,0.8931549310407877,0.10680661634640928,3.845261280309589e-05
LTP Control_2_1,2019-08-06,1.0,1.0,0.0,0.8719401450221774,0.12802128801872512,3.8566959097295706e-05
LTP Control_2_1,2019-08-07,1.0,1.0,0.0,0.8599485324508891,0.13997056474126013,8.090280785080637e-05
LTP Control_2_1,2019-08-08,1.0,1.0,0.0,0.8833803736627216,0.11657483080604349,4.479553123491108e-05
LTP Control_2_1,2019-08-09,1.0,1.0,0.0,0.8719832280823566,0.12792454443199813,9.222748564521196e-05
LTP Control_2_1,2019-08-10,1.0,1.0,0.0,0.865630541612134,0.13432769407377732,4.176431408873075e-05
LTP Control_2_1,2019-08-11,1.0,1.0,0.0,0.8810944419537758,0.11887740895006516,2.8149096158920935e-05
LTP Control_2_1,2019-08-12,1.0,1.0,0.0,0.8712053747959323,0.12874636421581742,4.826098825006593e-05
LTP Control_2_1,2019-08-13,1.0,1.0,0.0,0.8253082925762791,0.17463184178350122,5.986564021964474e-05
LTP Control_2_1,2019-08-14,1.0,1.0,0.0,0.8173958151489733,0.1825298701800715,7.431467095522686e-05
LTP Control_2_1,2019-08-15,1.0,1.0,0.0,0.8729689480979397,0.12699537664215765,3.567525990267546e-05
LTP Control_2_1,2019-08-16,1.0,1.0,0.0,0.8600302344058349,0.13992347466851066,4.629092565437143e-05
LTP Control_2_1,2019-08-17,1.0,1.0,0.0,0.8603675594655482,0.13958280216734587,4.9638367105830355e-05
LTP Control_2_1,2019-08-18,1.0,1.0,0.0,0.8935072945732923,0.10645219500463607,4.051042207164304e-05
LTP Control_2_1,2019-08-19,1.0,1.0,0.0,0.8791470647797395,0.12082667884887131,2.6256371389276185e-05
LTP Control_2_1,2019-08-20,1.0,1.0,0.0,0.8714296104566172,0.12853577081521203,3.461872817083581e-05
LTP Control_2_1,2019-08-21,1.0,1.0,0.0,0.8703534567806476,0.12960121843180927,4.5324787543275346e-05
LTP Control_2_1,2019-08-22,1.0,1.0,0.0,0.8580272463206182,0.14194192406850079,3.082961088099548e-05
LTP Control_2_1,2019-08-23,1.0,1.0,0.0,0.8406774190661928,0.15926390351177627,5.8677422031120765e-05
LTP Control_2_1,2019-08-24,1.0,1.0,0.0,0.8597999080381787,0.140153981544747,4.611041707431425e-05
LTP Control_2_1,2019-08-25,1.0,1.0,0.0,0.854013167036409,0.14591809784652832,6.873511706259911e-05
LTP Control_2_1,2019-08-26,1.0,1.0,0.0,0.88797756762326,0.11199002018938704,3.2412187352908e-05
LTP Control_2_1,2019-08-27,1.0,1.0,0.0,0.8792268613209174,0.12073711187658742,3.602680249518302e-05
LTP Control_2_1,2019-08-28,1.0,1.0,0.0,0.8788518083164263,0.1211270267795486,2.1164904025121946e-05
LTP Control_2_1,2019-08-29,1.0,1.0,0.0,0.8502744586173705,0.1496750323692893,5.050901334033062e-05
LTP Control_2_1,2019-08-30,1.0,1.0,0.0,0.8572652456932659,0.14269003740091443,4.4716905819657946e-05
LTP Control_2_1,2019-08-31,1.0,1.0,0.0,0.8869770707799064,0.11297904014040362,4.388907968981309e-05
LTP Control_2_1,2019-09-01,1.0,1.0,0.0,0.896760977277112,0.10321251324607411,2.6509476813846127e-05
LTP Control_2_1,2019-09-02,1.0,1.0,0.0,0.9087492871787592,0.09122247602440821,2.8236796832391488e-05
LTP Control_2_1,2019-09-03,1.0,1.0,0.0,0.8900652909954941,0.10990469379320765,3.001521129809902e-05
LTP Control_2_1,2019-09-04,1.0,1.0,0.0,0.9371044646336432,0.0628688699360448,2.6665430311941803e-05
LTP Control_2_1,2019-09-05,1.0,1.0,0.0,0.9324863828580563,0.06749166822274127,2.194891920248681e-05
LTP Control_2_1,2019-09-06,1.0,1.0,0.0,0.918372807791899,0.08155863978140356,6.855242669758736e-05
LTP Control_2_1,2019-09-07,1.0,1.0,0.0,0.9142238506299072,0.08574853455013672,2.761481995600324e-05
LTP Control_2_1,2019-09-08,1.0,1.0,0.0,0.9584963966913289,0.04149508179913839,8.521509532788018e-06
LTP Control_2_1,2019-09-09,1.0,1.0,0.0,0.9145797451390245,0.08539750703798733,2.2747822988059667e-05
LTP Control_2_1,2019-09-10,1.0,1.0,0.0,0.9192766181493747,0.08071367551235901,9.706338266434718e-06
LTP Control_2_1,2019-09-11,1.0,1.0,0.0,0.9078722171179248,0.09211638974617223,1.1393135902982138e-05
LTP Control_2_1,2019-09-12,1.0,1.0,0.0,0.8823515706652842,0.11762194021992775,2.648911478817428e-05
LTP Control_2_1,2019-09-13,1.0,1.0,0.0,0.8180887080274161,0.18162446800705762,0.00028682396552633213
LTP Control_2_1,2019-09-14,1.0,2.0,-1.0,0.36374010126759226,0.6134667790643549,0.022793119668052815
LTP Control_2_1,2019-09-15,1.0,1.0,0.0,0.8369089192095891,0.16302998075941738,6.110003099346963e-05
LTP Control_2_1,2019-09-16,1.0,1.0,0.0,0.8675743207459797,0.13240587100958512,1.980824443512469e-05
LTP Control_2_1,2019-09-17,1.0,1.0,0.0,0.8766899682575356,0.12327764519344801,3.238654901632859e-05
LTP Control_2_1,2019-09-18,1.0,1.0,0.0,0.8240593046641083,0.1758901421175126,5.0553218379006076e-05
LTP Control_2_1,2019-09-19,1.0,1.0,0.0,0.8868139111865804,0.11316443526775014,2.1653545669483232e-05
LTP Control_2_1,2019-09-20,1.0,1.0,0.0,0.8348344405320064,0.16512791746163286,3.7642006360868724e-05
LTP Control_2_1,2019-09-21,1.0,1.0,0.0,0.7333707399375009,0.2663681660909832,0.0002610939715159066
LTP Control_2_1,2019-09-22,1.0,1.0,0.0,0.844135906534658,0.15584493351921683,1.9159946125070007e-05
LTP Control_2_1,2019-09-23,1.0,1.0,0.0,0.8670819491306695,0.13290472793398753,1.332293534288262e-05
LTP Control_2_1,2019-09-24,1.0,1.0,0.0,0.8479624956204838,0.1520058286604376,3.167571907860105e-05
LTP Control_2_1,2019-09-25,1.0,1.0,0.0,0.8593677756511349,0.1406027007619149,2.9523586950087053e-05
LTP Control_2_1,2019-09-26,1.0,1.0,0.0,0.8579950866987301,0.141979510253775,2.5403047494829772e-05
LTP Control_2_1,2019-09-27,1.0,1.0,0.0,0.8664598989775343,0.13351017283002908,2.9928192436745425e-05
LTP Control_2_1,2019-09-28,1.0,1.0,0.0,0.8427934626297983,0.15717605565928927,3.0481710912548605e-05
LTP Control_2_1,2019-09-29,1.0,1.0,0.0,0.8877920605298052,0.11217872645113934,2.9213019055353317e-05
LTP Control_2_1,2019-09-30,1.0,1.0,0.0,0.9195804004292145,0.08041386199778254,5.737573002881334e-06
LTP Control_2_1,2019-10-01,1.0,1.0,0.0,0.8765817648220613,0.12339665569937047,2.1579478568295772e-05
LTP Control_2_1,2019-10-02,1.0,1.0,0.0,0.8900959395061145,0.10988083347161949,2.3227022266104213e-05
LTP Control_2_1,2019-10-03,1.0,1.0,0.0,0.917531659248295,0.08245342994662416,1.491080508069332e-05
LTP Control_2_1,2019-10-04,1.0,1.0,0.0,0.8839051440099942,0.11607447152224741,2.038446775850575e-05
LTP Control_2_1,2019-10-05,1.0,1.0,0.0,0.8766089147384152,0.12337735001757134,1.3735244013498789e-05
LTP Control_2_1,2019-10-06,1.0,1.0,0.0,0.8958223069366021,0.10416639879981586,1.1294263581990592e-05
LTP Control_2_1,2019-10-07,1.0,1.0,0.0,0.8446757776768724,0.15530454570624042,1.9676616887112904e-05
LTP Control_2_1,2019-10-08,1.0,1.0,0.0,0.853179807043751,0.14679059378697787,2.9599169271145287e-05
LTP Control_2_1,2019-10-09,1.0,1.0,0.0,0.8845515689638018,0.11543747448699343,1.0956549204702135e-05
LTP Control_2_1,2019-10-10,1.0,1.0,0.0,0.8502201528380804,0.1497536089787838,2.6238183135712868e-05
LTP Control_2_1,2019-10-11,1.0,1.0,0.0,0.8714533875167232,0.1285352663868438,1.1346096433066264e-05
LTP Control_2_1,2019-10-12,1.0,1.0,0.0,0.8790462007116479,0.12093201477177172,2.1784516580480124e-05
LTP Control_2_1,2019-10-13,1.0,1.0,0.0,0.921278959467279,0.07871451964341435,6.520889306518152e-06
LTP Control_2_1,2019-10-14,1.0,1.0,0.0,0.6444108871662021,0.35540853581369153,0.00018057702010637678
LTP Control_2_1,2019-10-15,1.0,1.0,0.0,0.8684975162240584,0.1314922617302566,1.0222045684951793e-05
LTP Control_2_1,2019-10-16,1.0,1.0,0.0,0.8877454607748234,0.11224458627454291,9.952950633649733e-06
LTP RDI45_1_2,2019-04-30,1.0,3.0,-2.0,0.012758834826184338,0.4129352761185407,0.574305889055275
LTP RDI45_1_2,2019-05-01,1.0,2.0,-1.0,0.25252430159265626,0.7419680979487653,0.005507600458578382
LTP RDI45_1_2,2019-05-02,1.0,1.0,0.0,0.6584645298034821,0.34116458616709994,0.0003708840294178203
LTP RDI45_1_2,2019-05-03,1.0,1.0,0.0,0.5851811758106102,0.4133147708995125,0.0015040532898771915
LTP RDI45_1_2,2019-05-04,1.0,1.0,0.0,0.5505107057400678,0.4489042794444171,0.000585014815515094
LTP RDI45_1_2,2019-05-05,1.0,1.0,0.0,0.6081738624118497,0.3914602529867819,0.0003658846013684465
LTP RDI45_1_2,2019-05-06,1.0,1.0,0.0,0.5723407879800423,0.4272682821204116,0.0003909298995460265
LTP RDI45_1_2,2019-05-07,1.0,3.0,-2.0,1.103116200874211e-05,0.004097299279405466,0.9958916695585857
LTP RDI45_1_2,2019-05-14,1.0,1.0,0.0,0.7780375717066278,0.22153116223836622,0.00043126605500588746
LTP RDI45_1_2,2019-05-15,1.0,2.0,-1.0,0.16470603520422739,0.8283321600734679,0.006961804722304564
LTP RDI45_1_2,2019-05-16,1.0,2.0,-1.0,0.47263702670543456,0.5257817965293551,0.0015811767652103364
LTP RDI45_1_2,2019-05-17,1.0,1.0,0.0,0.5986824938979999,0.40106277023123166,0.00025473587076852995
LTP RDI45_1_2,2019-05-18,1.0,1.0,0.0,0.552967144432326,0.44665264786253245,0.00038020770514161396
LTP RDI45_1_2,2019-05-19,1.0,1.0,0.0,0.6398028867083534,0.3595458908493196,0.0006512224423270708
LTP RDI45_1_2,2019-05-20,1.0,2.0,-1.0,0.044484697349851755,0.8739334938902211,0.08158180875992718
LTP RDI45_1_2,2019-05-24,2.0,2.0,0.0,0.46168795402962287,0.5369707390456228,0.0013413069247543
LTP RDI45_1_2,2019-05-25,2.0,2.0,0.0,0.4405703990559907,0.558481129364674,0.0009484715793352947
LTP RDI45_1_2,2019-05-26,1.0,1.0,0.0,0.5856953483675933,0.4138087669439364,0.0004958846884702113
LTP RDI45_1_2,2019-05-27,1.0,1.0,0.0,0.7027330996119651,0.296985739537679,0.0002811608503559296
LTP RDI45_1_2,2019-05-28,1.0,1.0,0.0,0.779005211774789,0.22082001909979052,0.00017476912542059515
LTP RDI45_1_2,2019-05-29,1.0,1.0,0.0,0.6920487789086178,0.3078355547387593,0.00011566635262287902
LTP RDI45_1_2,2019-05-30,2.0,1.0,1.0,0.5043559208953075,0.4951188645003693,0.0005252146043231932
LTP RDI45_1_2,2019-05-31,1.0,1.0,0.0,0.6615358499733272,0.33824367222999013,0.0002204777966827335
LTP RDI45_1_2,2019-06-01,1.0,1.0,0.0,0.6750265482041574,0.3247474231838322,0.00022602861201040326
LTP RDI45_1_2,2019-06-02,1.0,1.0,0.0,0.677457825667376,0.32228326509442934,0.0002589092381946046
LTP RDI45_1_2,2019-06-03,1.0,1.0,0.0,0.7198215541861785,0.28000637520886934,0.00017207060495210298
LTP RDI45_1_2,2019-06-04,1.0,2.0,-1.0,0.23729530215503086,0.7464815993821747,0.016223098462794443
LTP RDI45_1_2,2019-06-05,1.0,1.0,0.0,0.7656940906554319,0.23415005260341298,0.00015585674115508713
LTP RDI45_1_2,2019-06-06,1.0,1.0,0.0,0.7389164598579199,0.2607812482141957,0.0003022919278845068
LTP RDI45_1_2,2019-06-07,1.0,1.0,0.0,0.8168232382885725,0.18313213705732817,4.462465409943348e-05
LTP RDI45_1_2,2019-06-08,1.0,1.0,0.0,0.6440230394801157,0.35562336024032076,0.0003536002795635534
LTP RDI45_1_2,2019-06-09,1.0,1.0,0.0,0.7983033272961075,0.20146906943049922,0.00022760327339322385
LTP RDI45_1_2,2019-06-10,1.0,1.0,0.0,0.7051852887240921,0.29435863021647796,0.00045608105942998545
LTP RDI45_1_2,2019-06-11,1.0,1.0,0.0,0.7765118808310021,0.22330765516026613,0.00018046400873194125
LTP RDI45_1_2,2019-06-12,1.0,1.0,0.0,0.7772182984188413,0.22258024447742009,0.00020145710373862424
LTP RDI45_1_2,2019-06-13,1.0,1.0,0.0,0.7433798645652432,0.25650271617189946,0.00011741926285730556
LTP RDI45_1_2,2019-06-14,2.0,1.0,1.0,0.7399064401663696,0.259864284545673,0.0002292752879572622
LTP RDI45_1_2,2019-06-15,1.0,1.0,0.0,0.7695166765017927,0.23032479668922995,0.00015852680897744027
LTP RDI45_1_2,2019-06-16,1.0,1.0,0.0,0.705577943926194,0.29420827423288204,0.00021378184092400962
LTP RDI45_1_2,2019-06-17,1.0,1.0,0.0,0.7112105833147077,0.28844896874776954,0.00034044793752274424
LTP RDI45_1_2,2019-06-18,2.0,1.0,1.0,0.5752244029402445,0.42360720464025564,0.0011683924194998742
LTP RDI45_1_2,2019-06-19,1.0,1.0,0.0,0.8399790423029195,0.15987986180450636,0.0001410958925740376
LTP RDI45_1_2,2019-06-20,1.0,1.0,0.0,0.7064060836932418,0.29329162184873037,0.00030229445802787506
LTP RDI45_1_2,2019-06-21,1.0,1.0,0.0,0.8066963900547418,0.19316570349246992,0.00013790645278837253
LTP RDI45_1_2,2019-06-22,1.0,1.0,0.0,0.7703070402716288,0.22946070280561467,0.00023225692275646612
LTP RDI45_1_2,2019-06-23,1.0,1.0,0.0,0.7499256576376089,0.2497623463934308,0.0003119959689602541
LTP RDI45_1_2,2019-06-24,1.0,1.0,0.0,0.7162343199405387,0.28332897032107074,0.00043670973839053727
LTP RDI45_1_2,2019-06-25,2.0,1.0,1.0,0.7209029542501977,0.27864754101721545,0.0004495047325869853
LTP RDI45_1_2,2019-06-26,1.0,1.0,0.0,0.7391160763418049,0.2605878676573935,0.00029605600080168245
LTP RDI45_1_2,2019-06-27,1.0,1.0,0.0,0.7376105763265483,0.2621606903927116,0.00022873328074023895
LTP RDI45_1_2,2019-06-28,1.0,1.0,0.0,0.7796472145691894,0.22011035511009536,0.00024243032071519027
LTP RDI45_1_2,2019-06-29,1.0,1.0,0.0,0.814055841096384,0.18576313163420125,0.0001810272694148126
LTP RDI45_1_2,2019-06-30,1.0,1.0,0.0,0.6473625967829632,0.3520611671415249,0.0005762360755119343
LTP RDI45_1_2,2019-07-01,1.0,1.0,0.0,0.7809544920268187,0.2188661767900402,0.00017933118314121334
LTP RDI45_1_2,2019-07-02,1.0,1.0,0.0,0.7286799147364459,0.2709600970298484,0.00035998823370562023
LTP RDI45_1_2,2019-07-03,1.0,1.0,0.0,0.784355920717537,0.2154255249899999,0.00021855429246322243
LTP RDI45_1_2,2019-07-04,1.0,1.0,0.0,0.7356457748699774,0.2641250642624471,0.00022916086757553489
LTP RDI45_1_2,2019-07-05,1.0,1.0,0.0,0.8023068593837681,0.19756786889531708,0.00012527172091476518
LTP RDI45_1_2,2019-07-06,1.0,1.0,0.0,0.7966192246545388,0.20321112799800894,0.00016964734745230666
LTP RDI45_1_2,2019-07-13,1.0,1.0,0.0,0.8936890325814428,0.10624600815374467,6.495926481265807e-05
LTP RDI45_1_2,2019-07-14,1.0,1.0,0.0,0.8522919772762476,0.14760437833418238,0.00010364438957006249
LTP RDI45_1_2,2019-07-15,2.0,1.0,1.0,0.9232741817320637,0.07669819519399565,2.7623073940652967e-05
LTP RDI45_1_2,2019-07-16,3.0,2.0,1.0,0.4786004493812702,0.5114890764899644,0.00991047412876538
LTP RDI45_1_2,2019-07-17,3.0,3.0,0.0,2.4920393332407374e-05,0.002625802566226902,0.9973492770404406
LTP RDI45_1_2,2019-07-18,3.0,3.0,0.0,1.6524493970970793e-07,0.00030266022902406757,0.9996971745260362
LTP RDI45_1_2,2019-07-19,3.0,3.0,0.0,0.06388117997545029,0.1424299546722738,0.793688865352276
LTP RDI45_1_2,2019-07-20,3.0,3.0,0.0,7.168643611477192e-05,0.011484353155441522,0.9884439604084436
LTP RDI45_1_2,2019-07-21,3.0,3.0,0.0,0.001167167185003147,0.009329036926721448,0.9895037958882753
LTP RDI45_1_2,2019-07-22,3.0,3.0,0.0,0.005022766731687655,0.12518485639101606,0.8697923768772963
LTP RDI45_1_2,2019-07-24,1.0,1.0,0.0,0.9678998287831995,0.03208010386234094,2.006735445967822e-05
LTP RDI45_1_2,2019-07-25,1.0,1.0,0.0,0.9782073554731273,0.021782417759860978,1.0226767011679552e-05
LTP RDI45_1_2,2019-07-26,1.0,1.0,0.0,0.951248179017369,0.04871853712184583,3.32838607849946e-05
LTP RDI45_1_2,2019-07-27,1.0,1.0,0.0,0.9732550425035893,0.02674143692943832,3.5205669725245953e-06
LTP RDI45_1_2,2019-07-28,1.0,1.0,0.0,0.9365654323132863,0.0633819424213276,5.262526538613106e-05
LTP RDI45_1_2,2019-07-29,1.0,1.0,0.0,0.9689318251608698,0.031029072172925134,3.9102666205013545e-05
LTP RDI45_1_2,2019-07-30,1.0,1.0,0.0,0.6996370650798034,0.300140335297129,0.00022259962306762693
LTP RDI45_1_2,2019-07-31,1.0,1.0,0.0,0.9268379925998742,0.0731399426064705,2.206479365530598e-05
LTP RDI45_1_2,2019-08-01,1.0,1.0,0.0,0.9678179914859769,0.03216782273746523,1.4185776557792775e-05
LTP RDI45_1_2,2019-08-02,1.0,1.0,0.0,0.9357312705990785,0.06424362825165934,2.5101149262330603e-05
LTP RDI45_1_2,2019-08-03,1.0,1.0,0.0,0.8654794257943899,0.13440925127865125,0.00011132292695880468
LTP RDI45_1_2,2019-08-04,1.0,1.0,0.0,0.8964813696378244,0.10337117851211888,0.00014745185005655715
LTP RDI45_1_2,2019-08-05,2.0,1.0,1.0,0.980326814158286,0.019655006147499553,1.817969421428309e-05
LTP RDI45_1_2,2019-08-06,1.0,1.0,0.0,0.9021760909354812,0.0977888395899701,3.506947454875976e-05
LTP RDI45_1_2,2019-08-07,1.0,1.0,0.0,0.8938825874827087,0.10592440430827922,0.00019300820901197737
LTP RDI45_1_2,2019-08-08,2.0,1.0,1.0,0.9789145854536739,0.021066281306974736,1.9133239351407002e-05
LTP RDI45_1_2,2019-08-09,1.0,1.0,0.0,0.9613244707418079,0.03866024247551033,1.5286782681625734e-05
LTP RDI45_1_2,2019-08-10,1.0,1.0,0.0,0.9026819200447295,0.09724906089006788,6.901906520259552e-05
LTP RDI45_1_2,2019-08-11,1.0,1.0,0.0,0.7430207193666505,0.2561376117031883,0.0008416689301612935
LTP RDI45_1_2,2019-08-12,2.0,1.0,1.0,0.9375889045448603,0.06234876192933389,6.233352580568571e-05
LTP RDI45_1_2,2019-08-13,1.0,1.0,0.0,0.8945287124426523,0.10542973705815711,4.155049919040463e-05
LTP RDI45_1_2,2019-08-14,1.0,1.0,0.0,0.8878927999533935,0.11204877690850655,5.842313809985692e-05
LTP RDI45_1_2,2019-08-15,2.0,1.0,1.0,0.9317654236305957,0.06800708385377364,0.00022749251563069573
LTP RDI45_1_2,2019-08-16,1.0,1.0,0.0,0.9004313686324066,0.0995195381930956,4.909317449779924e-05
LTP RDI45_1_2,2019-08-17,1.0,1.0,0.0,0.8884914894570409,0.11132604207532588,0.00018246846763309303
LTP RDI45_1_2,2019-08-18,1.0,2.0,-1.0,0.4395505733888339,0.5342510793962962,0.02619834721486986
LTP RDI45_1_2,2019-08-19,1.0,1.0,0.0,0.8430653585439848,0.15502959629853708,0.0019050451574780414
LTP RDI45_1_2,2019-08-20,1.0,1.0,0.0,0.8175606163830532,0.18206246492811606,0.00037691868883085446
LTP RDI45_1_2,2019-08-21,1.0,1.0,0.0,0.8490359357305999,0.15048390381419077,0.00048016045520933007
LTP RDI45_1_2,2019-08-22,1.0,1.0,0.0,0.9465409048078316,0.053430963882543515,2.813130962494512e-05
LTP RDI45_1_2,2019-08-23,1.0,1.0,0.0,0.8984872559808811,0.10145463867412625,5.810534499276518e-05
LTP RDI45_1_2,2019-08-24,1.0,1.0,0.0,0.6693652278918664,0.32776482159594467,0.0028699505121889844
LTP RDI45_1_2,2019-08-25,2.0,2.0,0.0,0.18797531904028816,0.6094506219267969,0.20257405903291506
LTP RDI45_1_2,2019-08-26,1.0,1.0,0.0,0.5714176150323818,0.3907992445248739,0.037783140442744466
LTP RDI45_1_2,2019-08-27,1.0,1.0,0.0,0.9613766005678985,0.0386121674537313,1.1231978370205645e-05
LTP RDI45_1_2,2019-08-28,1.0,1.0,0.0,0.9435037331493906,0.05648167071697544,1.4596133633958051e-05
LTP RDI45_1_2,2019-08-29,1.0,1.0,0.0,0.8772783497683979,0.12266269927581226,5.895095578994886e-05
LTP RDI45_1_2,2019-08-30,1.0,1.0,0.0,0.8521034878686237,0.1478175539226573,7.895820871914295e-05
LTP RDI45_1_2,2019-08-31,1.0,1.0,0.0,0.9062260169620515,0.09372779236413108,4.619067381750954e-05
LTP RDI45_1_2,2019-09-01,1.0,1.0,0.0,0.9484668182394703,0.051522602564551635,1.0579195978109415e-05
LTP RDI45_1_2,2019-09-02,1.0,1.0,0.0,0.7801480015435486,0.21968135691451476,0.00017064154193675637
LTP RDI45_1_2,2019-09-03,2.0,2.0,0.0,0.3644898237089308,0.633308797728299,0.002201378562770331
LTP RDI45_1_2,2019-09-04,1.0,1.0,0.0,0.9061011808375746,0.09386468296002956,3.4136202395832556e-05
LTP RDI45_1_2,2019-09-05,1.0,1.0,0.0,0.8224788368397697,0.17739380774983896,0.0001273554103911693
LTP RDI45_1_2,2019-09-06,1.0,1.0,0.0,0.9048705699097578,0.09508572405167211,4.370603857010107e-05
LTP RDI45_1_2,2019-09-07,2.0,2.0,0.0,0.3178441134508489,0.67184272429083,0.010313162258321072
LTP RDI45_1_2,2019-09-08,1.0,1.0,0.0,0.9201062922541572,0.07987237150931215,2.1336236530688723e-05
LTP RDI45_1_2,2019-09-09,1.0,1.0,0.0,0.782388272350411,0.21748320479964203,0.000128522849946938
LTP RDI45_1_2,2019-09-10,1.0,1.0,0.0,0.8825191854636522,0.11746767729074899,1.3137245598730604e-05
LTP RDI45_1_2,2019-09-11,1.0,1.0,0.0,0.8855071894277676,0.11447684500635565,1.5965565876673723e-05
LTP RDI45_1_2,2019-09-12,1.0,1.0,0.0,0.8138543074038161,0.18608899853606642,5.669406011736456e-05
LTP RDI45_1_2,2019-09-13,2.0,1.0,1.0,0.8206532641980422,0.1789745093261133,0.00037222647584449464
LTP RDI45_1_2,2019-09-14,3.0,3.0,0.0,0.011798798653236802,0.17656367089591268,0.8116375304508506
LTP RDI45_1_2,2019-09-15,2.0,2.0,0.0,0.16687464539589314,0.8127836378004394,0.02034171680366736
LTP RDI45_1_2,2019-09-16,2.0,2.0,0.0,0.4293469493446174,0.5700329359077032,0.0006201147476794136
LTP RDI45_1_2,2019-09-17,2.0,1.0,1.0,0.8647201952927904,0.13523965878716812,4.014592004152073e-05
LTP RDI45_1_2,2019-09-18,2.0,1.0,1.0,0.781376868799005,0.2185345664637209,8.856473727414283e-05
LTP RDI45_1_2,2019-09-19,2.0,1.0,1.0,0.7949166392678543,0.20500889827917085,7.446245297489326e-05
LTP RDI45_1_2,2019-09-20,2.0,1.0,1.0,0.7909718219328365,0.20896711493000353,6.106313715998145e-05
LTP RDI45_1_2,2019-09-21,2.0,1.0,1.0,0.7263210609964093,0.2733378638658662,0.0003410751377244445
LTP RDI45_1_2,2019-09-22,2.0,1.0,1.0,0.8973530334889495,0.10263676276185014,1.020374920052006e-05
LTP RDI45_1_2,2019-09-23,2.0,1.0,1.0,0.777569084966079,0.222384878163477,4.603687044406672e-05
LTP RDI45_1_2,2019-09-24,1.0,1.0,0.0,0.8500552258244156,0.1499153084098676,2.9465765716950665e-05
LTP RDI45_1_2,2019-09-25,1.0,1.0,0.0,0.8327688444255726,0.16719555303685066,3.560253757664246e-05
LTP RDI45_1_2,2019-09-26,1.0,1.0,0.0,0.8127629249356668,0.18720070544249157,3.636962184170301e-05
LTP RDI45_1_2,2019-09-27,1.0,1.0,0.0,0.8385001000729166,0.1614618210030246,3.807892405876234e-05
LTP RDI45_1_2,2019-09-28,1.0,1.0,0.0,0.7217970076823128,0.27811590064024494,8.709167744233599e-05
LTP RDI45_1_2,2019-09-29,1.0,1.0,0.0,0.7951681534589661,0.20473906456303323,9.278197800058887e-05
LTP RDI45_1_2,2019-09-30,1.0,1.0,0.0,0.8483180541456922,0.1516543950688281,2.7550785479816778e-05
LTP RDI45_1_2,2019-10-01,1.0,1.0,0.0,0.8617259921024708,0.1382439875668799,3.002033064940745e-05
LTP RDI45_1_2,2019-10-02,1.0,1.0,0.0,0.8254727673960283,0.1744467344066032,8.049819736855474e-05
LTP RDI45_1_2,2019-10-03,1.0,1.0,0.0,0.9519204665724881,0.0480723121485792,7.221278932683461e-06
LTP RDI45_1_2,2019-10-04,1.0,1.0,0.0,0.8608182202503107,0.13914081168800319,4.09680616860635e-05
LTP RDI45_1_2,2019-10-05,1.0,1.0,0.0,0.7716385922395621,0.228282445761992,7.896199844592243e-05
LTP RDI45_1_2,2019-10-06,1.0,1.0,0.0,0.7280892351592705,0.27167113063826054,0.00023963420246890413
LTP RDI45_1_2,2019-10-07,2.0,2.0,0.0,0.3831985312310157,0.6157540917397385,0.0010473770292458268
LTP RDI45_1_2,2019-10-08,1.0,1.0,0.0,0.8062105963402978,0.19369749312143536,9.19105382667415e-05
LTP RDI45_1_2,2019-10-09,1.0,1.0,0.0,0.718641396731622,0.2811411233061286,0.0002174799622494669
LTP RDI45_1_2,2019-10-10,1.0,1.0,0.0,0.8806809985530922,0.1192976516885687,2.134975833911174e-05
LTP RDI45_1_2,2019-10-11,2.0,1.0,1.0,0.8213913935973504,0.17848917708389367,0.00011942931875593427
LTP RDI45_1_2,2019-10-12,2.0,1.0,1.0,0.6231428662853261,0.3740421139665267,0.002815019748147238
LTP RDI45_1_2,2019-10-13,1.0,1.0,0.0,0.92233175042979,0.07759919997043696,6.904959977304374e-05
LTP RDI45_1_2,2019-10-14,2.0,1.0,1.0,0.9502304856939775,0.049764103455614474,5.410850408004277e-06
LTP RDI45_1_2,2019-10-15,2.0,1.0,1.0,0.7354065918306681,0.26438775999638187,0.0002056481729498268
LTP RDI45_1_2,2019-10-16,2.0,1.0,1.0,0.6379649924024813,0.36185855825159235,0.00017644934592629113
LTP RDI45_2_1,2019-04-30,1.0,1.0,0.0,0.7772033035628194,0.222717935050488,7.876138669251961e-05
LTP RDI45_2_1,2019-05-01,1.0,1.0,0.0,0.7847259608977244,0.21514720631134066,0.00012683279093493073
LTP RDI45_2_1,2019-05-02,1.0,1.0,0.0,0.7652164994864817,0.23463286187239832,0.00015063864111999287
LTP RDI45_2_1,2019-05-03,1.0,1.0,0.0,0.7781913383382675,0.22156210796266845,0.0002465536990640992
LTP RDI45_2_1,2019-05-04,1.0,1.0,0.0,0.8692504440533099,0.1307023850629461,4.71708837440316e-05
LTP RDI45_2_1,2019-05-05,1.0,1.0,0.0,0.8591033220255647,0.14084820884568724,4.8469128747974893e-05
LTP RDI45_2_1,2019-05-06,1.0,1.0,0.0,0.8599849426011912,0.13996695984624075,4.8097552568192405e-05
LTP RDI45_2_1,2019-05-07,1.0,1.0,0.0,0.7607869148184309,0.23906424829729167,0.00014883688427735916
LTP RDI45_2_1,2019-05-14,1.0,1.0,0.0,0.7327139228906604,0.2671410827818539,0.00014499432748552206
LTP RDI45_2_1,2019-05-15,1.0,1.0,0.0,0.775239871768204,0.2246146685446792,0.00014545968711672514
LTP RDI45_2_1,2019-05-16,1.0,1.0,0.0,0.8133613605804542,0.1865112508118426,0.0001273886077032618
LTP RDI45_2_1,2019-05-17,1.0,1.0,0.0,0.7845185500023313,0.21539772267772603,8.372731994272399e-05
LTP RDI45_2_1,2019-05-18,1.0,1.0,0.0,0.7914677712230187,0.20844098110080875,9.124767617247077e-05
LTP RDI45_2_1,2019-05-19,1.0,1.0,0.0,0.8301332670100734,0.16977213799398158,9.459499594509717e-05
LTP RDI45_2_1,2019-05-20,1.0,1.0,0.0,0.7814699575819543,0.2183470684480085,0.0001829739700372614
LTP RDI45_2_1,2019-05-24,1.0,1.0,0.0,0.7753732365964023,0.22442423591481478,0.0002025274887829555
LTP RDI45_2_1,2019-05-25,1.0,1.0,0.0,0.7347681955457365,0.2650360637779485,0.0001957406763150295
LTP RDI45_2_1,2019-05-26,1.0,1.0,0.0,0.7505079141851559,0.24925549627305527,0.0002365895417888224
LTP RDI45_2_1,2019-05-27,1.0,1.0,0.0,0.7334111058409537,0.2661385987651208,0.00045029539392560267
LTP RDI45_2_1,2019-05-28,1.0,1.0,0.0,0.712342280709327,0.28710911685955814,0.0005486024311148045
LTP RDI45_2_1,2019-05-29,1.0,1.0,0.0,0.6986098687086851,0.30098218066130716,0.00040795063000774397
LTP RDI45_2_1,2019-05-30,1.0,1.0,0.0,0.7189009891520863,0.28066484786706186,0.0004341629808518064
LTP RDI45_2_1,2019-05-31,1.0,1.0,0.0,0.7703903949022688,0.22936981559726616,0.00023978950046507999
LTP RDI45_2_1,2019-06-01,1.0,1.0,0.0,0.7435897372745289,0.25588800151286567,0.0005222612126052737
LTP RDI45_2_1,2019-06-02,1.0,1.0,0.0,0.6683790480170663,0.33013205174129434,0.0014889002416395522
LTP RDI45_2_1,2019-06-03,2.0,2.0,0.0,0.2315864900096149,0.6276443679780154,0.14076914201236973
LTP RDI45_2_1,2019-06-04,1.0,1.0,0.0,0.7643953395170188,0.23523282012782298,0.00037184035515815486
LTP RDI45_2_1,2019-06-05,1.0,1.0,0.0,0.7096743161514263,0.2900129963035441,0.00031268754502965733
LTP RDI45_2_1,2019-06-06,1.0,1.0,0.0,0.7426429662799926,0.25693120195466157,0.00042583176534581374
LTP RDI45_2_1,2019-06-07,1.0,1.0,0.0,0.7246604203635922,0.2751991644172337,0.0001404152191740704
LTP RDI45_2_1,2019-06-08,1.0,1.0,0.0,0.7101667896586553,0.2892926013248601,0.0005406090164846443
LTP RDI45_2_1,2019-06-09,1.0,1.0,0.0,0.7457390114613566,0.25372312784635365,0.0005378606922897444
LTP RDI45_2_1,2019-06-10,1.0,1.0,0.0,0.7504016049184826,0.24908089486588475,0.0005175002156326048
LTP RDI45_2_1,2019-06-11,1.0,1.0,0.0,0.7491798875952145,0.25042394915725474,0.00039616324753086527
LTP RDI45_2_1,2019-06-12,1.0,1.0,0.0,0.7130157327563916,0.28648298735039,0.0005012798932183983
LTP RDI45_2_1,2019-06-13,1.0,1.0,0.0,0.6459838529667078,0.3533809841568032,0.000635162876488822
LTP RDI45_2_1,2019-06-14,1.0,1.0,0.0,0.739268419144323,0.26041824598529084,0.0003133348703861751
LTP RDI45_2_1,2019-06-15,1.0,1.0,0.0,0.7188449932513165,0.2807239070764818,0.0004310996722016936
LTP RDI45_2_1,2019-06-16,1.0,1.0,0.0,0.663395612599719,0.3361015306915935,0.0005028567086873947
LTP RDI45_2_1,2019-06-17,1.0,1.0,0.0,0.7421827198525152,0.257354215154673,0.00046306499281186094
LTP RDI45_2_1,2019-06-18,1.0,1.0,0.0,0.7510313055166453,0.24868200626857007,0.0002866882147847592
LTP RDI45_2_1,2019-06-19,1.0,1.0,0.0,0.8232959665789231,0.17652388898262072,0.00018014443845616837
LTP RDI45_2_1,2019-06-20,1.0,1.0,0.0,0.7808262989782883,0.21894169444569422,0.00023200657601735137
LTP RDI45_2_1,2019-06-21,1.0,1.0,0.0,0.7325726692459711,0.267034858325025,0.0003924724290040437
LTP RDI45_2_1,2019-06-22,1.0,1.0,0.0,0.7174894143534505,0.28197664485205565,0.0005339407944937994
LTP RDI45_2_1,2019-06-23,1.0,1.0,0.0,0.7382685763100068,0.2613218896326913,0.00040953405730202405
LTP RDI45_2_1,2019-06-24,1.0,1.0,0.0,0.7969265844970321,0.20286953460167634,0.00020388090129151747
LTP RDI45_2_1,2019-06-25,1.0,1.0,0.0,0.7361677579237051,0.2634921203326758,0.0003401217436189935
LTP RDI45_2_1,2019-06-26,1.0,1.0,0.0,0.7893814194933803,0.21047526199765706,0.00014331850896257272
LTP RDI45_2_1,2019-06-27,1.0,1.0,0.0,0.713575166401988,0.286124580188902,0.0003002534091100379
LTP RDI45_2_1,2019-06-28,1.0,1.0,0.0,0.7445024036944792,0.25515620007659306,0.0003413962289277342
LTP RDI45_2_1,2019-06-29,1.0,1.0,0.0,0.7631756584093862,0.23645709894071448,0.00036724264989939357
LTP RDI45_2_1,2019-06-30,1.0,1.0,0.0,0.7922605445898213,0.20757176901674237,0.00016768639343633107
LTP RDI45_2_1,2019-07-01,1.0,1.0,0.0,0.78977535830875,0.2100564384301711,0.00016820326107887728
LTP RDI45_2_1,2019-07-02,1.0,1.0,0.0,0.7534452403365596,0.24629700542158167,0.0002577542418588537
LTP RDI45_2_1,2019-07-03,1.0,1.0,0.0,0.8494659669843404,0.150433572580196,0.0001004604354636102
LTP RDI45_2_1,2019-07-04,1.0,1.0,0.0,0.7535360738044817,0.246243422540148,0.00022050365537017036
LTP RDI45_2_1,2019-07-05,1.0,1.0,0.0,0.755050260587407,0.24470412718218734,0.00024561223040576346
LTP RDI45_2_1,2019-07-06,1.0,1.0,0.0,0.7825424895652533,0.21722343055355625,0.00023407988119059748
LTP RDI45_2_1,2019-07-13,1.0,1.0,0.0,0.8194030951022293,0.18040642674153756,0.0001904781562331122
LTP RDI45_2_1,2019-07-14,1.0,1.0,0.0,0.7091504704751699,0.29009478184482435,0.0007547476800058099
LTP RDI45_2_1,2019-07-15,1.0,1.0,0.0,0.7133117964762212,0.28633536425780265,0.0003528392659761664
LTP RDI45_2_1,2019-07-16,1.0,1.0,0.0,0.6955742626266038,0.30395335882818186,0.0004723785452143991
LTP RDI45_2_1,2019-07-17,1.0,1.0,0.0,0.5846782854004069,0.4136954714070553,0.001626243192537838
LTP RDI45_2_1,2019-07-18,1.0,1.0,0.0,0.7262134469560031,0.27354400041461896,0.00024255262937781014
LTP RDI45_2_1,2019-07-19,2.0,2.0,0.0,0.43844007792172623,0.5550219007175071,0.006538021360766672
LTP RDI45_2_1,2019-07-20,3.0,3.0,0.0,0.025913790437261542,0.31593847410647535,0.658147735456263
LTP RDI45_2_1,2019-07-21,3.0,3.0,0.0,3.873185393779721e-06,0.0014403239636894822,0.9985558028509167
LTP RDI45_2_1,2019-07-22,2.0,2.0,0.0,0.07878683487730079,0.8725115140575671,0.04870165106513217
LTP RDI45_2_1,2019-07-24,3.0,3.0,0.0,6.949681828241212e-07,0.00035397288016826,0.9996453321516489
LTP RDI45_2_1,2019-07-25,3.0,3.0,0.0,1.5736221119687135e-05,0.006918831249544482,0.9930654325293359
LTP RDI45_2_1,2019-07-26,3.0,3.0,0.0,2.904142186518475e-07,0.00016325896165638097,0.9998364506241251
LTP RDI45_2_1,2019-07-27,3.0,3.0,0.0,4.7123250978656256e-05,0.0010770783097015717,0.9988757984393196
LTP RDI45_2_1,2019-07-28,3.0,3.0,0.0,2.414527698609675e-07,0.0001647369293633258,0.9998350216178669
LTP RDI45_2_1,2019-07-29,3.0,3.0,0.0,1.6424758777621897e-07,0.0003080289162450873,0.9996918068361672
LTP RDI45_2_1,2019-07-30,3.0,3.0,0.0,3.5570724429008227e-07,0.00016961350450606582,0.9998300307882496
LTP RDI45_2_1,2019-07-31,3.0,3.0,0.0,9.86241864179588e-07,0.00019369120322367371,0.9998053225549123
LTP RDI45_2_1,2019-08-01,3.0,3.0,0.0,6.930725521094531e-08,8.380213305790776e-05,0.9999161285596869
LTP RDI45_2_1,2019-08-02,3.0,3.0,0.0,2.7194102612978604e-07,0.00014472833492793941,0.9998549997240459
LTP RDI45_2_1,2019-08-03,3.0,3.0,0.0,3.9491565108340844e-07,0.00016041332427757727,0.9998391917600714
LTP RDI45_2_1,2019-08-04,3.0,3.0,0.0,2.703094633268969e-07,0.0001426967341114275,0.9998570329564251
LTP RDI45_2_1,2019-08-05,3.0,3.0,0.0,4.1680258738356406e-08,6.671511554022828e-05,0.9999332432042011
LTP RDI45_2_1,2019-08-06,3.0,3.0,0.0,3.4238729234524423e-07,0.00017060603210436597,0.9998290515806032
LTP RDI45_2_1,2019-08-07,3.0,3.0,0.0,9.69576839802278e-07,0.00018751351795055478,0.9998115169052096
LTP RDI45_2_1,2019-08-08,3.0,3.0,0.0,5.6587565002563374e-08,5.8584259740986796e-05,0.999941359152694
LTP RDI45_2_1,2019-08-09,3.0,3.0,0.0,1.469206997809451e-06,0.00021107801234431626,0.9997874527806578
LTP RDI45_2_1,2019-08-10,3.0,3.0,0.0,5.50736073808653e-07,0.00022329270533614302,0.9997761565585901
LTP RDI45_2_1,2019-08-11,3.0,3.0,0.0,1.8072440909800898e-06,0.00041643533228329023,0.9995817574236256
LTP RDI45_2_1,2019-08-12,3.0,3.0,0.0,1.114621844105291e-07,9.191427952556253e-05,0.99990797425829
LTP RDI45_2_1,2019-08-13,3.0,3.0,0.0,6.474941880814485e-06,0.0012171126861680302,0.9987764123719512
LTP RDI45_2_1,2019-08-14,2.0,1.0,1.0,0.769705058666433,0.2284319215657468,0.0018630197678202035
LTP RDI45_2_1,2019-08-15,1.0,1.0,0.0,0.7801598131326397,0.21964520956186676,0.00019497730549340858
LTP RDI45_2_1,2019-08-16,1.0,1.0,0.0,0.5561244833158865,0.4359704315491314,0.007905085134982115
LTP RDI45_2_1,2019-08-17,1.0,2.0,-1.0,0.2605005623967888,0.63029969573499,0.10919974186822116
LTP RDI45_2_1,2019-08-18,1.0,3.0,-2.0,1.469316220123333e-07,0.0001663439876195106,0.9998335090807585
LTP RDI45_2_1,2019-08-19,1.0,2.0,-1.0,0.15459928912765403,0.7866836207507807,0.05871709012156525
LTP RDI45_2_1,2019-08-20,1.0,2.0,-1.0,0.3037289353219047,0.6528822822094387,0.0433887824686567
LTP RDI45_2_1,2019-08-21,1.0,3.0,-2.0,0.01244203387976319,0.17536862478328794,0.8121893413369489
LTP RDI45_2_1,2019-08-22,1.0,2.0,-1.0,0.40980412712074965,0.5825701969027237,0.0076256759765265456
LTP RDI45_2_1,2019-08-23,2.0,2.0,0.0,0.38671111942638103,0.5852913921976534,0.02799748837596559
LTP RDI45_2_1,2019-08-24,2.0,3.0,-1.0,0.00096494459641826,0.053480410954322974,0.9455546444492587
LTP RDI45_2_1,2019-08-25,3.0,3.0,0.0,1.5498449542687756e-07,0.0001197048967904574,0.9998801401187142
LTP RDI45_2_1,2019-08-26,2.0,3.0,-1.0,1.5107703610859206e-06,0.0011993948789319558,0.998799094350707
LTP RDI45_2_1,2019-08-27,2.0,2.0,0.0,0.25159287950602793,0.7236141384899712,0.024792982004000808
LTP RDI45_2_1,2019-08-28,1.0,1.0,0.0,0.8232124236327447,0.17672322990833655,6.434645891872892e-05
LTP RDI45_2_1,2019-08-29,1.0,1.0,0.0,0.8778485899960767,0.12211351652900744,3.789347491570678e-05
LTP RDI45_2_1,2019-08-30,1.0,1.0,0.0,0.9019655892308034,0.09801434021311954,2.0070556077119565e-05
LTP RDI45_2_1,2019-08-31,1.0,1.0,0.0,0.9430366177450283,0.056950574618568124,1.2807636403470762e-05
LTP RDI45_2_1,2019-09-01,1.0,1.0,0.0,0.9530440742202358,0.04694864969128723,7.276088476871874e-06
LTP RDI45_2_1,2019-09-02,1.0,1.0,0.0,0.936986825290322,0.06300034759937259,1.2827110305431189e-05
LTP RDI45_2_1,2019-09-03,1.0,1.0,0.0,0.9052638422689764,0.0947177021111562,1.845561986746635e-05
LTP RDI45_2_1,2019-09-04,1.0,1.0,0.0,0.9361184566152576,0.06384428817639569,3.7255208346852474e-05
LTP RDI45_2_1,2019-09-05,1.0,1.0,0.0,0.9517195948101225,0.04826525120087601,1.515398900145874e-05
LTP RDI45_2_1,2019-09-06,1.0,1.0,0.0,0.954132994062371,0.04585485193289803,1.215400473095118e-05
LTP RDI45_2_1,2019-09-07,1.0,1.0,0.0,0.9044982454164984,0.0954701473881887,3.16071953129035e-05
LTP RDI45_2_1,2019-09-08,1.0,1.0,0.0,0.9640291570231828,0.035963517284259484,7.325692557562365e-06
LTP RDI45_2_1,2019-09-09,1.0,1.0,0.0,0.9148579952153755,0.0851168393851538,2.516539947079491e-05
LTP RDI45_2_1,2019-09-10,1.0,1.0,0.0,0.9327718663354947,0.06721836237231787,9.771292187334617e-06
LTP RDI45_2_1,2019-09-11,1.0,1.0,0.0,0.9339706850482368,0.06602352715635634,5.787795406827044e-06
LTP RDI45_2_1,2019-09-12,1.0,1.0,0.0,0.9124068371795874,0.08757761396537397,1.554885503864706e-05
LTP RDI45_2_1,2019-09-13,1.0,1.0,0.0,0.9684078222646044,0.031582819252681686,9.358482713884234e-06
LTP RDI45_2_1,2019-09-14,1.0,2.0,-1.0,0.3914890276305955,0.6037728224703971,0.004738149899007365
LTP RDI45_2_1,2019-09-15,1.0,2.0,-1.0,0.477382095491963,0.5215315026739716,0.0010864018340654212
LTP RDI45_2_1,2019-09-16,1.0,1.0,0.0,0.5174826021754103,0.48225007208754117,0.0002673257370485486
LTP RDI45_2_1,2019-09-17,1.0,1.0,0.0,0.9001899477890007,0.09978353141754324,2.6520793456063355e-05
LTP RDI45_2_1,2019-09-18,1.0,1.0,0.0,0.8869492493642428,0.11302484219213066,2.5908443626543026e-05
LTP RDI45_2_1,2019-09-19,1.0,1.0,0.0,0.8447152957060833,0.15524327209525654,4.143219866001339e-05
LTP RDI45_2_1,2019-09-20,1.0,1.0,0.0,0.7671298072032495,0.23279500741360856,7.518538314198308e-05
LTP RDI45_2_1,2019-09-21,1.0,1.0,0.0,0.7456754672377087,0.25406469932708636,0.0002598334352049532
LTP RDI45_2_1,2019-09-22,1.0,1.0,0.0,0.944479968667873,0.055515090118683795,4.941213443171789e-06
LTP RDI45_2_1,2019-09-23,1.0,1.0,0.0,0.9057347437997822,0.09425723695339844,8.019246819158286e-06
LTP RDI45_2_1,2019-09-24,1.0,1.0,0.0,0.9299951715955371,0.06999575771663141,9.070687831598688e-06
LTP RDI45_2_1,2019-09-25,1.0,1.0,0.0,0.9339817873603107,0.06600936525387177,8.847385817522782e-06
LTP RDI45_2_1,2019-09-26,1.0,1.0,0.0,0.8966581710513231,0.10332864937570846,1.317957296827758e-05
LTP RDI45_2_1,2019-09-27,1.0,1.0,0.0,0.9348592803308085,0.06513205613534566,8.663533845886467e-06
LTP RDI45_2_1,2019-09-28,1.0,1.0,0.0,0.8453966486371136,0.15457679451806006,2.6556844826289076e-05
LTP RDI45_2_1,2019-09-29,1.0,1.0,0.0,0.9038228824143449,0.09615404094444789,2.307664120724311e-05
LTP RDI45_2_1,2019-09-30,1.0,1.0,0.0,0.9617611121267596,0.03823630656784895,2.5813053914446672e-06
LTP RDI45_2_1,2019-10-01,1.0,1.0,0.0,0.9155051418981074,0.08448068602008434,1.4172081808435071e-05
LTP RDI45_2_1,2019-10-02,1.0,1.0,0.0,0.8702845279069535,0.1296599122147144,5.55598783319911e-05
LTP RDI45_2_1,2019-10-03,1.0,1.0,0.0,0.9733505531007879,0.026645598007509562,3.848891702700999e-06
LTP RDI45_2_1,2019-10-04,1.0,1.0,0.0,0.8595541545886978,0.1403839807669263,6.18646443759003e-05
LTP RDI45_2_1,2019-10-05,1.0,1.0,0.0,0.6895395105080173,0.3101572140818994,0.0003032754100833221
LTP RDI45_2_1,2019-10-06,2.0,1.0,1.0,0.5282925856129649,0.47001926539892463,0.0016881489881104329
LTP RDI45_2_1,2019-10-07,1.0,1.0,0.0,0.6895456569390578,0.3103345432165219,0.00011979984442034462
LTP RDI45_2_1,2019-10-08,1.0,1.0,0.0,0.7413357676060223,0.2583087071427906,0.00035552525118716594
LTP RDI45_2_1,2019-10-09,2.0,2.0,0.0,0.4963511070655722,0.5016097714255127,0.002039121508915099
LTP RDI45_2_1,2019-10-10,1.0,1.0,0.0,0.8545755064759047,0.14538213974878375,4.235377531169571e-05
LTP RDI45_2_1,2019-10-11,2.0,1.0,1.0,0.6266870421675681,0.3720358563731867,0.0012771014592452478
LTP RDI45_2_1,2019-10-12,2.0,2.0,0.0,0.3700128425976382,0.6103252516467756,0.01966190575558619
LTP RDI45_2_1,2019-10-13,1.0,1.0,0.0,0.8773197629445592,0.12245201357705217,0.00022822347838860873
LTP RDI45_2_1,2019-10-14,1.0,1.0,0.0,0.8779152199264898,0.12203472997005034,5.005010345977062e-05
LTP RDI45_2_1,2019-10-15,2.0,2.0,0.0,0.4877440154763367,0.5101272063687786,0.002128778154884684
LTP RDI45_2_1,2019-10-16,1.0,1.0,0.0,0.7496067061745992,0.2503234668085805,6.982701682036748e-05
LTP RDI30_2_1,2019-04-30,1.0,1.0,0.0,0.9022009541430346,0.09778123454342345,1.7811313542142e-05
LTP RDI30_2_1,2019-05-01,1.0,1.0,0.0,0.8834312033521639,0.11652911684930632,3.9679798529940634e-05
LTP RDI30_2_1,2019-05-02,1.0,1.0,0.0,0.8597377740272762,0.14021546222221448,4.676375050913948e-05
LTP RDI30_2_1,2019-05-03,1.0,1.0,0.0,0.8812962882525941,0.11863353579649279,7.017595091312664e-05
LTP RDI30_2_1,2019-05-04,1.0,1.0,0.0,0.8835075578933179,0.11645072400469457,4.171810198755754e-05
LTP RDI30_2_1,2019-05-05,1.0,1.0,0.0,0.8990489696109318,0.1009174932150602,3.3537174007970055e-05
LTP RDI30_2_1,2019-05-06,1.0,1.0,0.0,0.893513431622485,0.10645135023127551,3.521814623945722e-05
LTP RDI30_2_1,2019-05-07,1.0,1.0,0.0,0.898057577104299,0.10190882207498687,3.360082071422057e-05
LTP RDI30_2_1,2019-05-14,1.0,1.0,0.0,0.8777741943156454,0.12219819871731272,2.7606967041965392e-05
LTP RDI30_2_1,2019-05-15,1.0,1.0,0.0,0.8674664768820168,0.1324882510714992,4.527204648398823e-05
LTP RDI30_2_1,2019-05-16,1.0,1.0,0.0,0.8542976299985163,0.14563192121485502,7.044878662873481e-05
LTP RDI30_2_1,2019-05-17,1.0,1.0,0.0,0.8842486707694993,0.1157232386206532,2.80906098475681e-05
LTP RDI30_2_1,2019-05-18,1.0,1.0,0.0,0.9079290108457798,0.09204867331618774,2.231583803243585e-05
LTP RDI30_2_1,2019-05-19,1.0,1.0,0.0,0.9086551897887468,0.091317015636122,2.7794575130998512e-05
LTP RDI30_2_1,2019-05-20,1.0,1.0,0.0,0.8278028879445195,0.17210216629769792,9.494575778261752e-05
LTP RDI30_2_1,2019-05-24,1.0,1.0,0.0,0.858492751197019,0.14144236203855112,6.488676442993584e-05
LTP RDI30_2_1,2019-05-25,1.0,1.0,0.0,0.8209346273574041,0.17899723495858716,6.813768400877323e-05
LTP RDI30_2_1,2019-05-26,1.0,1.0,0.0,0.8411273186864784,0.15880948425109953,6.319706242206258e-05
LTP RDI30_2_1,2019-05-27,1.0,1.0,0.0,0.8303076942454477,0.1695946682777256,9.76374768267199e-05
LTP RDI30_2_1,2019-05-28,1.0,1.0,0.0,0.8754749664109969,0.12444985329394104,7.518029506209778e-05
LTP RDI30_2_1,2019-05-29,1.0,1.0,0.0,0.7819456126918877,0.21797370273134992,8.068457676243922e-05
LTP RDI30_2_1,2019-05-30,1.0,1.0,0.0,0.7044900621483281,0.2953206165494302,0.00018932130224164222
LTP RDI30_2_1,2019-05-31,1.0,1.0,0.0,0.8324025456423229,0.16752445646994676,7.29978877303963e-05
LTP RDI30_2_1,2019-06-01,1.0,1.0,0.0,0.7963671146026706,0.2035076187811111,0.00012526661621835
LTP RDI30_2_1,2019-06-02,1.0,1.0,0.0,0.7764831169449509,0.22332152070807051,0.00019536234697852212
LTP RDI30_2_1,2019-06-03,1.0,1.0,0.0,0.7814992587395964,0.2182982906303644,0.0002024506300390711
LTP RDI30_2_1,2019-06-04,1.0,2.0,-1.0,0.38433170623225155,0.607950901568864,0.007717392198884488
LTP RDI30_2_1,2019-06-05,1.0,1.0,0.0,0.8542244144892857,0.14571139967719046,6.418583352389007e-05
LTP RDI30_2_1,2019-06-06,1.0,1.0,0.0,0.8739214421087916,0.12600777696319887,7.078092800965547e-05
LTP RDI30_2_1,2019-06-07,1.0,1.0,0.0,0.8715175657105648,0.12845388686853396,2.854742090112996e-05
LTP RDI30_2_1,2019-06-08,1.0,1.0,0.0,0.8151617170169165,0.1847485722659626,8.97107171208964e-05
LTP RDI30_2_1,2019-06-09,1.0,1.0,0.0,0.9287112980361808,0.07125246121861278,3.62407452062988e-05
LTP RDI30_2_1,2019-06-10,1.0,1.0,0.0,0.8741846499635413,0.12573429104984366,8.105898661517998e-05
LTP RDI30_2_1,2019-06-11,1.0,1.0,0.0,0.8591620479632435,0.14076161070110468,7.634133565179562e-05
LTP RDI30_2_1,2019-06-12,1.0,1.0,0.0,0.849153917102224,0.15075942281313331,8.666008464267594e-05
LTP RDI30_2_1,2019-06-13,1.0,1.0,0.0,0.8497560318004473,0.15020059004594058,4.3378153612137e-05
LTP RDI30_2_1,2019-06-14,1.0,1.0,0.0,0.878174586192044,0.12176262131232857,6.279249562748314e-05
LTP RDI30_2_1,2019-06-15,1.0,1.0,0.0,0.8098486117074327,0.19004028441743806,0.00011110387512918102
LTP RDI30_2_1,2019-06-16,1.0,1.0,0.0,0.8226349567268971,0.17726858437280715,9.645890029565789e-05
LTP RDI30_2_1,2019-06-17,1.0,1.0,0.0,0.8305421389078207,0.16933938969602882,0.00011847139615044484
LTP RDI30_2_1,2019-06-18,1.0,1.0,0.0,0.8483112318640346,0.15160748572686633,8.128240909904395e-05
LTP RDI30_2_1,2019-06-19,1.0,1.0,0.0,0.8951394784661627,0.10477334489199752,8.71766418397915e-05
LTP RDI30_2_1,2019-06-20,1.0,1.0,0.0,0.8856085289115598,0.11433779518201417,5.367590642587346e-05
LTP RDI30_2_1,2019-06-21,1.0,1.0,0.0,0.8656125251736093,0.13431268762331203,7.478720307878663e-05
LTP RDI30_2_1,2019-06-22,1.0,1.0,0.0,0.8729278876380651,0.12700736737473786,6.474498719699024e-05
LTP RDI30_2_1,2019-06-23,1.0,1.0,0.0,0.8711439262541011,0.12878661147494128,6.946227095766312e-05
LTP RDI30_2_1,2019-06-24,1.0,1.0,0.0,0.9197845713786237,0.08017149820913229,4.3930412244009824e-05
LTP RDI30_2_1,2019-06-25,1.0,1.0,0.0,0.9026776345604633,0.09727985932713945,4.2506112397280484e-05
LTP RDI30_2_1,2019-06-26,1.0,1.0,0.0,0.9211478730719359,0.07881997803249845,3.2148895565620826e-05
LTP RDI30_2_1,2019-06-27,1.0,1.0,0.0,0.8827473708096801,0.11721371226759666,3.8916922723257005e-05
LTP RDI30_2_1,2019-06-28,1.0,1.0,0.0,0.8743653031697917,0.1255496325625869,8.506426762151934e-05
LTP RDI30_2_1,2019-06-29,1.0,1.0,0.0,0.9171325930575569,0.08282311534669842,4.429159574465869e-05
LTP RDI30_2_1,2019-06-30,1.0,1.0,0.0,0.9199420748460608,0.08001792505135033,4.000010258881833e-05
LTP RDI30_2_1,2019-07-01,1.0,1.0,0.0,0.9269737460793069,0.07299257764709227,3.367627360098625e-05
LTP RDI30_2_1,2019-07-02,1.0,1.0,0.0,0.9274286384798903,0.07254293595814816,2.8425561961578637e-05
LTP RDI30_2_1,2019-07-03,1.0,1.0,0.0,0.9399470161237204,0.06001933913804538,3.364473823430293e-05
LTP RDI30_2_1,2019-07-04,1.0,1.0,0.0,0.9103927688291215,0.0895692777878703,3.795338300834427e-05
LTP RDI30_2_1,2019-07-05,1.0,1.0,0.0,0.8918212914702283,0.10812672509925597,5.198343051573457e-05
LTP RDI30_2_1,2019-07-06,1.0,1.0,0.0,0.90821144240785,0.09174413057103337,4.442702111652495e-05
LTP RDI30_2_1,2019-07-13,3.0,2.0,1.0,0.12552462440503845,0.6781368222088912,0.1963385533860705
LTP RDI30_2_1,2019-07-14,3.0,3.0,0.0,8.533366134239153e-07,0.00039451294409464824,0.9996046337192919
LTP RDI30_2_1,2019-07-15,3.0,3.0,0.0,7.785891323120012e-08,8.880874177748604e-05,0.9999111133993093
LTP RDI30_2_1,2019-07-16,3.0,3.0,0.0,1.0636654655943017e-07,0.0002025861343292596,0.9997973074991242
LTP RDI30_2_1,2019-07-17,3.0,3.0,0.0,9.709397645256133e-08,0.00013375842036475097,0.9998661444856588
LTP RDI30_2_1,2019-07-18,3.0,3.0,0.0,1.74172988685574e-06,0.003011902589366321,0.9969863556807468
LTP RDI30_2_1,2019-07-19,3.0,3.0,0.0,4.642860838867217e-07,0.0005217435597889802,0.9994777921541271
LTP RDI30_2_1,2019-07-20,3.0,3.0,0.0,7.207925270750974e-07,0.0003016579411528824,0.9996976212663201
LTP RDI30_2_1,2019-07-21,3.0,3.0,0.0,2.0259427310212902e-07,0.0001410708116507047,0.9998587265940763
LTP RDI30_2_1,2019-07-22,3.0,3.0,0.0,3.1711245519530046e-07,0.00017606010623753314,0.9998236227813072
LTP RDI30_2_1,2019-07-24,3.0,3.0,0.0,4.4171177760071046e-07,0.0002294919997321776,0.9997700662884902
LTP RDI30_2_1,2019-07-25,3.0,3.0,0.0,1.1412387157399651e-06,0.0012285488663845493,0.9987703098948998
LTP RDI30_2_1,2019-07-26,3.0,3.0,0.0,4.5198256217209754e-07,0.00020736376601203295,0.9997921842514259
LTP RDI30_2_1,2019-07-27,3.0,3.0,0.0,1.1992243962063636e-05,0.0006539994823417689,0.9993340082736961
LTP RDI30_2_1,2019-07-28,3.0,3.0,0.0,7.497558375743827e-07,0.0004011174098405956,0.9995981328343219
LTP RDI30_2_1,2019-07-29,3.0,3.0,0.0,4.5607572456720184e-07,0.00027147594655006557,0.9997280679777253
LTP RDI30_2_1,2019-07-30,3.0,3.0,0.0,0.00016784513769510192,0.012857750425035683,0.9869744044372692
LTP RDI30_2_1,2019-07-31,3.0,3.0,0.0,1.4191408659640766e-06,0.00044099026860690396,0.9995575905905272
LTP RDI30_2_1,2019-08-01,1.0,3.0,-2.0,0.00013639217360578444,0.04204235111599274,0.9578212567104014
LTP RDI30_2_1,2019-08-02,3.0,3.0,0.0,9.36212933196111e-06,0.002568580921301979,0.997422056949366
LTP RDI30_2_1,2019-08-03,3.0,3.0,0.0,1.3426702985000246e-06,0.0006610625031016152,0.9993375948265999
LTP RDI30_2_1,2019-08-04,3.0,3.0,0.0,3.344246009088275e-06,0.0016676864640501933,0.9983289692899407
LTP RDI30_2_1,2019-08-05,3.0,3.0,0.0,2.8216159330772475e-05,0.00853232685843202,0.9914394569822372
LTP RDI30_2_1,2019-08-06,3.0,3.0,0.0,0.0007843428636017174,0.0699243682279365,0.9292912889084618
LTP RDI30_2_1,2019-08-07,3.0,3.0,0.0,3.326217740172943e-07,0.0001653852052284665,0.9998342821729974
LTP RDI30_2_1,2019-08-08,2.0,3.0,-1.0,0.004428842326975588,0.31521428374553156,0.6803568739274929
LTP RDI30_2_1,2019-08-09,3.0,3.0,0.0,1.0093772303966007e-06,0.0003138615397364337,0.9996851290830331
LTP RDI30_2_1,2019-08-10,3.0,3.0,0.0,7.438143415073083e-06,0.002646072166681733,0.9973464896899031
LTP RDI30_2_1,2019-08-11,3.0,3.0,0.0,1.2291221423939503e-05,0.002646559037508313,0.9973411497410678
LTP RDI30_2_1,2019-08-12,3.0,3.0,0.0,0.00022053945769997933,0.016620270912034073,0.983159189630266
LTP RDI30_2_1,2019-08-13,2.0,2.0,0.0,0.3321976210250985,0.6579759816236218,0.009826397351279628
LTP RDI30_2_1,2019-08-14,2.0,1.0,1.0,0.6952272549539207,0.30414969208667414,0.0006230529594051674
LTP RDI30_2_1,2019-08-15,1.0,2.0,-1.0,0.1329869427421908,0.8381992265775459,0.02881383068026327
LTP RDI30_2_1,2019-08-16,2.0,3.0,-1.0,0.00012819329842794154,0.01236641033469302,0.9875053963668791
LTP RDI30_2_1,2019-08-17,2.0,2.0,0.0,0.1802765023392933,0.7856100674406845,0.034113430220022216
LTP RDI30_2_1,2019-08-18,2.0,3.0,-1.0,4.3790623642232846e-05,0.007928306952649178,0.9920279024237085
LTP RDI30_2_1,2019-08-19,2.0,3.0,-1.0,6.137430232085744e-06,0.004525500422447582,0.9954683621473203
LTP RDI30_2_1,2019-08-20,2.0,3.0,-1.0,0.0027623069623485645,0.10938158715783547,0.887856105879816
LTP RDI30_2_1,2019-08-21,2.0,2.0,0.0,0.12778609426229037,0.8185301526281147,0.05368375310959508
LTP RDI30_2_1,2019-08-22,1.0,2.0,-1.0,0.02834470812479545,0.7587374592970616,0.2129178325781429
LTP RDI30_2_1,2019-08-23,2.0,3.0,-1.0,0.0004193930054208417,0.029610299487983913,0.9699703075065953
LTP RDI30_2_1,2019-08-24,2.0,2.0,0.0,0.11164491780885676,0.7734490320259194,0.11490605016522373
LTP RDI30_2_1,2019-08-25,2.0,3.0,-1.0,0.0006146885999753999,0.05890320948032537,0.9404821019196993
LTP RDI30_2_1,2019-08-26,3.0,3.0,0.0,8.455491627145643e-06,0.0026169029655630513,0.9973746415428097
LTP RDI30_2_1,2019-08-27,3.0,3.0,0.0,4.192696013398767e-05,0.006794703200343258,0.9931633698395228
LTP RDI30_2_1,2019-08-28,2.0,2.0,0.0,0.40778221779990004,0.5880678995612291,0.0041498826388708995
LTP RDI30_2_1,2019-08-29,2.0,2.0,0.0,0.12642574079995209,0.8204900724052756,0.05308418679477237
LTP RDI30_2_1,2019-08-30,2.0,3.0,-1.0,0.0002698471112676841,0.021590763958176294,0.978139388930556
LTP RDI30_2_1,2019-08-31,2.0,3.0,-1.0,0.010542604663744673,0.2624226241100686,0.7270347712261868
LTP RDI30_2_1,2019-09-01,2.0,3.0,-1.0,0.0017023307229647325,0.13105629006494385,0.8672413792120914
LTP RDI30_2_1,2019-09-02,1.0,2.0,-1.0,0.18834796632966325,0.7647842282974585,0.04686780537287836
LTP RDI30_2_1,2019-09-03,2.0,3.0,-1.0,5.1730319693444095e-05,0.006470815019064899,0.9934774546612416
LTP RDI30_2_1,2019-09-04,2.0,3.0,-1.0,0.0003009066970380651,0.1083802533265368,0.891318839976425
LTP RDI30_2_1,2019-09-05,1.0,3.0,-2.0,0.011478209775497772,0.4165845317344657,0.5719372584900366
LTP RDI30_2_1,2019-09-06,3.0,3.0,0.0,2.2770455414656863e-07,0.00010151672729865489,0.9998982555681472
LTP RDI30_2_1,2019-09-07,3.0,3.0,0.0,5.2939461904458986e-05,0.026050720353050043,0.9738963401850455
LTP RDI30_2_1,2019-09-08,3.0,3.0,0.0,1.7446877787776035e-06,0.0006476142251182393,0.999350641087103
LTP RDI30_2_1,2019-09-09,3.0,3.0,0.0,3.403363877747621e-05,0.018287833381132622,0.9816781329800899
LTP RDI30_2_1,2019-09-10,3.0,3.0,0.0,0.00014011201189980996,0.05905241304858997,0.9408074749395103
LTP RDI30_2_1,2019-09-11,2.0,3.0,-1.0,0.00011168388256793004,0.009328339223294973,0.9905599768941372
LTP RDI30_2_1,2019-09-12,3.0,3.0,0.0,0.0005060504928396137,0.09936468674345167,0.9001292627637086
LTP RDI30_2_1,2019-09-13,3.0,3.0,0.0,1.0443922270601747e-08,2.4258451959149126e-05,0.9999757311041185
LTP RDI30_2_1,2019-09-14,2.0,3.0,-1.0,0.004325131652818971,0.15364775220836482,0.8420271161388163
LTP RDI30_2_1,2019-09-15,2.0,2.0,0.0,0.19573076969855094,0.7580535917990685,0.04621563850238063
LTP RDI30_2_1,2019-09-16,1.0,1.0,0.0,0.7060498263655013,0.293446111569128,0.0005040620653706209
LTP RDI30_2_1,2019-09-17,1.0,1.0,0.0,0.8939752837418731,0.10599017424929612,3.4542008830865634e-05
LTP RDI30_2_1,2019-09-18,1.0,1.0,0.0,0.761130226895156,0.2386007844689826,0.00026898863586150603
LTP RDI30_2_1,2019-09-19,1.0,1.0,0.0,0.8865687079939784,0.11339719265013579,3.4099355885817527e-05
LTP RDI30_2_1,2019-09-20,1.0,1.0,0.0,0.9424401093456136,0.057547876691909736,1.2013962476743451e-05
LTP RDI30_2_1,2019-09-21,1.0,1.0,0.0,0.9103983229413503,0.08948708286247997,0.00011459419616968523
LTP RDI30_2_1,2019-09-22,2.0,2.0,0.0,0.23730320203770824,0.7223779920103701,0.0403188059519215
LTP RDI30_2_1,2019-09-23,2.0,3.0,-1.0,2.7068713958446142e-06,0.003981508167413475,0.9960157849611907
LTP RDI30_2_1,2019-09-24,3.0,3.0,0.0,6.940831331959509e-07,0.0004908210520858528,0.9995084848647809
LTP RDI30_2_1,2019-09-25,3.0,3.0,0.0,1.8320365687807053e-06,0.0008124451486112494,0.99918572281482
LTP RDI30_2_1,2019-09-26,3.0,3.0,0.0,0.0025345809602303495,0.1158605698018987,0.881604849237871
LTP RDI30_2_1,2019-09-27,3.0,3.0,0.0,2.264881300278014e-06,0.000939672989457189,0.9990580621292426
LTP RDI30_2_1,2019-09-28,3.0,3.0,0.0,0.0004007868554706919,0.03767127632783062,0.9619279368166986
LTP RDI30_2_1,2019-09-29,3.0,3.0,0.0,3.663349919851359e-05,0.007648685629214403,0.9923146808715871
LTP RDI30_2_1,2019-09-30,3.0,3.0,0.0,0.00011716486247571969,0.04511717959840384,0.9547656555391204
LTP RDI30_2_1,2019-10-01,3.0,3.0,0.0,0.00011845710783760092,0.01779716270818002,0.9820843801839823
LTP RDI30_2_1,2019-10-02,3.0,3.0,0.0,3.6730046446328716e-07,0.0004720654555645001,0.999527567243971
LTP RDI30_2_1,2019-10-03,3.0,3.0,0.0,5.6993454917705334e-05,0.017793338475234052,0.9821496680698483
LTP RDI30_2_1,2019-10-04,3.0,3.0,0.0,1.0716484891031867e-06,0.0006530707544004336,0.9993458575971106
LTP RDI30_2_1,2019-10-05,3.0,3.0,0.0,7.613977978640464e-06,0.004255538958754647,0.9957368470632668
LTP RDI30_2_1,2019-10-06,2.0,2.0,0.0,0.013204916308979202,0.5143586220760182,0.4724364616150027
LTP RDI30_2_1,2019-10-07,2.0,1.0,1.0,0.6339677089571241,0.3658347475044744,0.00019754353840145553
LTP RDI30_2_1,2019-10-08,2.0,2.0,0.0,0.4676937593236566,0.5314179903528123,0.000888250323530945
LTP RDI30_2_1,2019-10-09,2.0,2.0,0.0,0.09499234671342942,0.885389310579833,0.019618342706737533
LTP RDI30_2_1,2019-10-10,3.0,2.0,1.0,0.08904983356994181,0.7728021042463158,0.13814806218374248
LTP RDI30_2_1,2019-10-11,3.0,3.0,0.0,1.826065629879322e-07,0.00024538992539047843,0.9997544274680465
LTP RDI30_2_1,2019-10-12,3.0,3.0,0.0,3.071054397239431e-06,0.0014551628374801014,0.9985417661081225
LTP RDI30_2_1,2019-10-13,3.0,3.0,0.0,2.6822233439533466e-05,0.018503526873780506,0.9814696508927799
LTP RDI30_2_1,2019-10-14,3.0,3.0,0.0,1.4198563584831112e-08,6.862279932146872e-05,0.9999313630021149
LTP RDI30_2_1,2019-10-15,3.0,3.0,0.0,6.595477715107061e-07,0.0008455939714045143,0.9991537464808239
LTP RDI30_2_1,2019-10-16,3.0,3.0,0.0,6.409774054583337e-05,0.011893293853476497,0.9880426084059776
LTP RDI30_3_2,2019-04-30,1.0,1.0,0.0,0.8124090031484568,0.18738495597769106,0.0002060408738521913
LTP RDI30_3_2,2019-05-01,1.0,2.0,-1.0,0.19425460159490462,0.7962252301350975,0.009520168269997915
LTP RDI30_3_2,2019-05-02,1.0,2.0,-1.0,0.32728723261641984,0.6696024069017497,0.0031103604818305272
LTP RDI30_3_2,2019-05-03,1.0,2.0,-1.0,0.37802676874610264,0.6163053228720625,0.005667908381834829
LTP RDI30_3_2,2019-05-04,1.0,2.0,-1.0,0.389854326315657,0.6087834876738216,0.0013621860105213293
LTP RDI30_3_2,2019-05-05,1.0,2.0,-1.0,0.4787499669225931,0.5205438842412459,0.0007061488361610061
LTP RDI30_3_2,2019-05-06,1.0,2.0,-1.0,0.44875244064657216,0.5505224959254698,0.0007250634279580816
LTP RDI30_3_2,2019-05-07,1.0,2.0,-1.0,0.1193269449090141,0.8649285130720524,0.015744542018933598
LTP RDI30_3_2,2019-05-14,1.0,1.0,0.0,0.798866196256512,0.20072940414240867,0.00040439960107931745
LTP RDI30_3_2,2019-05-15,1.0,2.0,-1.0,0.06409029347483647,0.8724408172735102,0.06346888925165331
LTP RDI30_3_2,2019-05-16,1.0,2.0,-1.0,0.35982938084225263,0.6345004050789386,0.005670214078808717
LTP RDI30_3_2,2019-05-17,1.0,1.0,0.0,0.7156702290414565,0.2840949452351822,0.00023482572336135785
LTP RDI30_3_2,2019-05-18,1.0,1.0,0.0,0.6384287893759368,0.36129824254468706,0.00027296807937612655
LTP RDI30_3_2,2019-05-19,1.0,1.0,0.0,0.7359532874427439,0.2632207416332511,0.0008259709240049413
LTP RDI30_3_2,2019-05-20,1.0,3.0,-2.0,0.008093868397623518,0.3811828413353549,0.6107232902670215
LTP RDI30_3_2,2019-05-24,1.0,3.0,-2.0,0.01998787113643649,0.45982627731163683,0.5201858515519266
LTP RDI30_3_2,2019-05-25,1.0,2.0,-1.0,0.144467615815478,0.849678495789673,0.005853888394848977
LTP RDI30_3_2,2019-05-26,2.0,2.0,0.0,0.37590691820869854,0.6222527782634514,0.001840303527850016
LTP RDI30_3_2,2019-05-27,2.0,1.0,1.0,0.7253796945368133,0.2743364316955986,0.0002838737675880631
LTP RDI30_3_2,2019-05-28,2.0,1.0,1.0,0.7944989012739774,0.20533165591682634,0.0001694428091962507
LTP RDI30_3_2,2019-05-29,1.0,1.0,0.0,0.7110604229267914,0.28881470204982457,0.000124875023384076
LTP RDI30_3_2,2019-05-30,2.0,1.0,1.0,0.7395167902603423,0.2603511983824386,0.00013201135721922343
LTP RDI30_3_2,2019-05-31,1.0,1.0,0.0,0.7484435522252983,0.25141206068957084,0.00014438708513085817
LTP RDI30_3_2,2019-06-01,1.0,1.0,0.0,0.7575674404510986,0.24226994593212692,0.0001626136167745359
LTP RDI30_3_2,2019-06-02,1.0,1.0,0.0,0.7527143873933814,0.24706174608429565,0.00022386652232292658
LTP RDI30_3_2,2019-06-03,1.0,1.0,0.0,0.7782823256175984,0.22148981114037258,0.00022786324202906657
LTP RDI30_3_2,2019-06-04,2.0,1.0,1.0,0.637370976756505,0.361740199700182,0.0008888235433129625
LTP RDI30_3_2,2019-06-05,1.0,1.0,0.0,0.8438813187570147,0.15604960617551372,6.907506747169444e-05
LTP RDI30_3_2,2019-06-06,1.0,1.0,0.0,0.8057036485832619,0.19414497833045777,0.00015137308628024703
LTP RDI30_3_2,2019-06-07,1.0,1.0,0.0,0.836525656524709,0.1634373621972834,3.698127800775981e-05
LTP RDI30_3_2,2019-06-08,1.0,1.0,0.0,0.7622660774691035,0.23759806206593076,0.00013586046496578003
LTP RDI30_3_2,2019-06-09,1.0,1.0,0.0,0.8613861313443336,0.13851263886001172,0.00010122979565469994
LTP RDI30_3_2,2019-06-10,1.0,1.0,0.0,0.7899915345555847,0.20980851421150537,0.00019995123290990092
LTP RDI30_3_2,2019-06-11,1.0,1.0,0.0,0.8030054135408661,0.1968637837278761,0.00013080273125796907
LTP RDI30_3_2,2019-06-12,1.0,1.0,0.0,0.805107772540163,0.19477061396852532,0.00012161349131178699
LTP RDI30_3_2,2019-06-13,1.0,1.0,0.0,0.7876425219718778,0.21228780815500997,6.966987311212282e-05
LTP RDI30_3_2,2019-06-14,1.0,1.0,0.0,0.8033963117497308,0.19648197761819278,0.0001217106320765215
LTP RDI30_3_2,2019-06-15,1.0,1.0,0.0,0.7710119508546968,0.22885823218324014,0.00012981696206323538
LTP RDI30_3_2,2019-06-16,1.0,1.0,0.0,0.8048964582448853,0.19501853513375217,8.500662136242965e-05
LTP RDI30_3_2,2019-06-17,1.0,1.0,0.0,0.7405224081606654,0.2592598184109825,0.00021777342835208592
LTP RDI30_3_2,2019-06-18,2.0,1.0,1.0,0.7412270298449638,0.2585619419152622,0.00021102823977394174
LTP RDI30_3_2,2019-06-19,1.0,1.0,0.0,0.8464204042687792,0.15346457291699225,0.00011502281422855841
LTP RDI30_3_2,2019-06-20,2.0,1.0,1.0,0.7925177249699805,0.2073493253832297,0.00013294964678977624
LTP RDI30_3_2,2019-06-21,1.0,1.0,0.0,0.8186723614628533,0.18122039829100178,0.00010724024614493794
LTP RDI30_3_2,2019-06-22,1.0,1.0,0.0,0.7885475213181696,0.21130563256398158,0.00014684611784885208
LTP RDI30_3_2,2019-06-23,1.0,1.0,0.0,0.8111692815570187,0.18869421102871384,0.0001365074142673854
LTP RDI30_3_2,2019-06-24,1.0,1.0,0.0,0.833463287471031,0.16640813889502273,0.00012857363394629248
LTP RDI30_3_2,2019-06-25,1.0,1.0,0.0,0.7830905772417524,0.21674287327474032,0.00016654948350725953
LTP RDI30_3_2,2019-06-26,1.0,1.0,0.0,0.8578148732953076,0.142123758097437,6.136860725553545e-05
LTP RDI30_3_2,2019-06-27,1.0,1.0,0.0,0.8046572937559899,0.19525575377784832,8.695246616180121e-05
LTP RDI30_3_2,2019-06-28,1.0,1.0,0.0,0.8168318837332902,0.18303257886944937,0.00013553739726044253
LTP RDI30_3_2,2019-06-29,1.0,1.0,0.0,0.8204628893660432,0.17939199745336226,0.00014511318059457447
LTP RDI30_3_2,2019-06-30,1.0,1.0,0.0,0.8522361400775591,0.1476786439859198,8.521593652102423e-05
LTP RDI30_3_2,2019-07-01,1.0,1.0,0.0,0.8636161829109154,0.1363219862327865,6.183085629824045e-05
LTP RDI30_3_2,2019-07-02,1.0,1.0,0.0,0.8222452701316915,0.17764343357424905,0.00011129629405946775
LTP RDI30_3_2,2019-07-03,1.0,1.0,0.0,0.8874786200431152,0.1124519368691097,6.94430877751258e-05
LTP RDI30_3_2,2019-07-04,1.0,1.0,0.0,0.8309497304306576,0.16895910238146428,9.116718787820588e-05
LTP RDI30_3_2,2019-07-05,1.0,1.0,0.0,0.83838033303032,0.16154705854366824,7.260842601189496e-05
LTP RDI30_3_2,2019-07-06,1.0,1.0,0.0,0.8273142933918446,0.17258497376026832,0.00010073284788714659
LTP RDI30_3_2,2019-07-13,2.0,1.0,1.0,0.8134956511290059,0.18608177228825087,0.0004225765827432693
LTP RDI30_3_2,2019-07-14,2.0,1.0,1.0,0.7245552449875503,0.27301719369659166,0.0024275613158578594
LTP RDI30_3_2,2019-07-15,2.0,2.0,0.0,0.48384229260046563,0.4880521049133437,0.028105602486190744
LTP RDI30_3_2,2019-07-16,2.0,3.0,-1.0,0.03144339170841658,0.36591440350214877,0.6026422047894348
LTP RDI30_3_2,2019-07-17,3.0,3.0,0.0,6.50600936396776e-05,0.004491277722031774,0.9954436621843286
LTP RDI30_3_2,2019-07-18,3.0,2.0,1.0,0.3493851515998828,0.6339489040649176,0.016665944335199603
LTP RDI30_3_2,2019-07-19,3.0,1.0,2.0,0.5966024231823291,0.3969083437632437,0.006489233054427202
LTP RDI30_3_2,2019-07-20,3.0,2.0,1.0,0.2630138407894846,0.5729504110691775,0.16403574814133784
LTP RDI30_3_2,2019-07-21,3.0,3.0,0.0,0.00010814613986911182,0.004812460431914614,0.9950793934282163
LTP RDI30_3_2,2019-07-22,3.0,3.0,0.0,0.00026003570107781227,0.009421938803068753,0.9903180254958536
LTP RDI30_3_2,2019-07-24,3.0,3.0,0.0,0.0008865256815148968,0.02709417496872894,0.9720192993497561
LTP RDI30_3_2,2019-07-25,3.0,3.0,0.0,1.881752515502959e-06,0.0003731510503975691,0.9996249671970869
LTP RDI30_3_2,2019-07-26,3.0,3.0,0.0,1.5273152157975646e-05,0.001543708355010224,0.9984410184928317
LTP RDI30_3_2,2019-07-27,3.0,3.0,0.0,0.0002755803723298417,0.005494683946116164,0.994229735681554
LTP RDI30_3_2,2019-07-28,3.0,3.0,0.0,4.633623939749534e-05,0.003598045281940632,0.9963556184786619
LTP RDI30_3_2,2019-07-29,3.0,3.0,0.0,0.0010823690259198757,0.04320755474502555,0.9557100762290545
LTP RDI30_3_2,2019-07-30,3.0,2.0,1.0,0.47510092621861194,0.5221323874313473,0.0027666863500407216
LTP RDI30_3_2,2019-07-31,3.0,2.0,1.0,0.262284706132645,0.7126364728226415,0.025078821044713477
LTP RDI30_3_2,2019-08-01,3.0,3.0,0.0,2.9155561172576647e-05,0.006145077090952164,0.9938257673478752
LTP RDI30_3_2,2019-08-02,3.0,2.0,1.0,0.0420116609937488,0.6452132749899242,0.312775064016327
LTP RDI30_3_2,2019-08-03,3.0,2.0,1.0,0.06406092152083781,0.5846756694827236,0.3512634089964385
LTP RDI30_3_2,2019-08-04,3.0,2.0,1.0,0.054898073514058864,0.6965598870767873,0.2485420394091539
LTP RDI30_3_2,2019-08-05,3.0,2.0,1.0,0.1275201990911302,0.8404223313500173,0.03205746955885247
LTP RDI30_3_2,2019-08-06,3.0,1.0,2.0,0.5092049673217309,0.4899358023331025,0.000859230345166511
LTP RDI30_3_2,2019-08-07,3.0,3.0,0.0,0.001251780057658646,0.09448050277599694,0.9042677171663444
LTP RDI30_3_2,2019-08-08,3.0,3.0,0.0,0.0025164951600807695,0.15339620399692733,0.8440873008429919
LTP RDI30_3_2,2019-08-09,3.0,3.0,0.0,1.568060136197889e-05,0.0018240153708426574,0.9981603040277953
LTP RDI30_3_2,2019-08-10,3.0,3.0,0.0,0.0018964893393088413,0.10066321191876637,0.8974402987419247
LTP RDI30_3_2,2019-08-11,3.0,2.0,1.0,0.23706889966932213,0.7446857001160315,0.018245400214646216
LTP RDI30_3_2,2019-08-12,3.0,2.0,1.0,0.18199258754714404,0.789400068163601,0.02860734428925487
LTP RDI30_3_2,2019-08-13,1.0,1.0,0.0,0.659959007414021,0.3398189005653404,0.0002220920206384507
LTP RDI30_3_2,2019-08-14,1.0,1.0,0.0,0.6182909154465948,0.3813748050120219,0.00033427954138331675
LTP RDI30_3_2,2019-08-15,2.0,2.0,0.0,0.29310542550031343,0.6793615395469065,0.02753303495278016
LTP RDI30_3_2,2019-08-16,3.0,3.0,0.0,0.027603337913735215,0.36600623693750156,0.6063904251487633
LTP RDI30_3_2,2019-08-17,1.0,1.0,0.0,0.5096938193135769,0.48944547995616067,0.000860700730262407
LTP RDI30_3_2,2019-08-18,1.0,2.0,-1.0,0.3473944177332641,0.6494065935684444,0.003198988698291418
LTP RDI30_3_2,2019-08-19,1.0,2.0,-1.0,0.0811268182147123,0.890359050084806,0.02851413170048184
LTP RDI30_3_2,2019-08-20,1.0,2.0,-1.0,0.4488423841485847,0.5497358157919402,0.001421800059475108
LTP RDI30_3_2,2019-08-21,2.0,1.0,1.0,0.5424256076848891,0.45681354423456455,0.0007608480805463165
LTP RDI30_3_2,2019-08-22,2.0,2.0,0.0,0.1176207387264228,0.8045050652091473,0.07787419606442977
LTP RDI30_3_2,2019-08-23,2.0,2.0,0.0,0.05539694620536646,0.6080802195210465,0.336522834273587
LTP RDI30_3_2,2019-08-24,1.0,1.0,0.0,0.5998920104117256,0.3996204339984547,0.00048755558981975193
LTP RDI30_3_2,2019-08-25,2.0,2.0,0.0,0.2565530914610721,0.73559119868834,0.007855709850587832
LTP RDI30_3_2,2019-08-26,1.0,2.0,-1.0,0.063961379872279,0.8417089323221182,0.09432968780560276
LTP RDI30_3_2,2019-08-27,2.0,2.0,0.0,0.26191826261947926,0.7298276250355799,0.008254112344940815
LTP RDI30_3_2,2019-08-28,2.0,1.0,1.0,0.5938163962416915,0.4058631239248268,0.00032047983348161725
LTP RDI30_3_2,2019-08-29,2.0,2.0,0.0,0.21266704012849083,0.7540957481696288,0.033237211701880404
LTP RDI30_3_2,2019-08-30,2.0,2.0,0.0,0.048935284799515186,0.5376677845911273,0.41339693060935745
LTP RDI30_3_2,2019-08-31,1.0,2.0,-1.0,0.4852144890113563,0.5130626786850285,0.0017228323036152327
LTP RDI30_3_2,2019-09-01,1.0,2.0,-1.0,0.31391294790170277,0.6821750910455111,0.003911961052786105
LTP RDI30_3_2,2019-09-02,1.0,2.0,-1.0,0.1550142472561955,0.736056287863849,0.10892946487995553
LTP RDI30_3_2,2019-09-03,2.0,3.0,-1.0,0.001990418923603727,0.07401286580924507,0.9239967152671511
LTP RDI30_3_2,2019-09-04,2.0,2.0,0.0,0.16855954815940774,0.8149146080003625,0.016525843840229835
LTP RDI30_3_2,2019-09-05,2.0,3.0,-1.0,0.001365426323288401,0.07486863168497362,0.9237659419917381
LTP RDI30_3_2,2019-09-06,3.0,3.0,0.0,9.081807107541824e-07,0.00026552550415127267,0.9997335663151379
LTP RDI30_3_2,2019-09-07,3.0,3.0,0.0,2.8033176329024743e-05,0.014939655427224129,0.9850323113964469
LTP RDI30_3_2,2019-09-08,3.0,3.0,0.0,5.820678418316899e-05,0.005430678789745801,0.9945111144260711
LTP RDI30_3_2,2019-09-09,3.0,3.0,0.0,7.936595214192881e-07,0.0007088364548289713,0.9992903698856497
LTP RDI30_3_2,2019-09-10,3.0,3.0,0.0,0.0008387532463475419,0.16218183333878927,0.8369794134148633
LTP RDI30_3_2,2019-09-11,3.0,2.0,1.0,0.47411686192560537,0.522769475754134,0.003113662320260535
LTP RDI30_3_2,2019-09-12,3.0,3.0,0.0,4.702546987548426e-05,0.009099913025772198,0.9908530615043523
LTP RDI30_3_2,2019-09-13,3.0,3.0,0.0,7.476937673715837e-08,8.68614292207612e-05,0.9999130638014024
LTP RDI30_3_2,2019-09-14,1.0,1.0,0.0,0.7992013093425283,0.20050418784146024,0.000294502816011503
LTP RDI30_3_2,2019-09-15,1.0,1.0,0.0,0.9087156251712823,0.09125932488859466,2.504994012315922e-05
LTP RDI30_3_2,2019-09-16,1.0,1.0,0.0,0.8712773185302983,0.12870107410821144,2.1607361490341917e-05
LTP RDI30_3_2,2019-09-17,1.0,1.0,0.0,0.9105145453706079,0.08946489486952634,2.0559759865816886e-05
LTP RDI30_3_2,2019-09-18,1.0,1.0,0.0,0.9082883062355992,0.09169352454122813,1.8169223172599363e-05
LTP RDI30_3_2,2019-09-19,1.0,1.0,0.0,0.9035152744081866,0.09646740174762249,1.7323844191100203e-05
LTP RDI30_3_2,2019-09-20,1.0,1.0,0.0,0.9022935003552237,0.09768941152396493,1.70881208112999e-05
LTP RDI30_3_2,2019-09-21,1.0,1.0,0.0,0.9293393783625687,0.07063613411271526,2.448752471584049e-05
LTP RDI30_3_2,2019-09-22,1.0,1.0,0.0,0.9596355282747177,0.04035817733913311,6.294386149362031e-06
LTP RDI30_3_2,2019-09-23,1.0,1.0,0.0,0.9115413561623626,0.08844550408558861,1.3139752048788435e-05
LTP RDI30_3_2,2019-09-24,1.0,1.0,0.0,0.8194037469586,0.18050758403960948,8.866900179056218e-05
LTP RDI30_3_2,2019-09-25,2.0,2.0,0.0,0.37979628389813214,0.6094329975547015,0.010770718547166281
LTP RDI30_3_2,2019-09-26,1.0,1.0,0.0,0.5726377339128909,0.4267679377248732,0.0005943283622360545
LTP RDI30_3_2,2019-09-27,2.0,2.0,0.0,0.47257860431268045,0.519356578341859,0.008064817345460556
LTP RDI30_3_2,2019-09-28,2.0,2.0,0.0,0.23540903949004144,0.7374757886432944,0.02711517186666426
LTP RDI30_3_2,2019-09-29,3.0,3.0,0.0,0.00021128100787893414,0.01757806401522155,0.9822106549768994
LTP RDI30_3_2,2019-09-30,3.0,3.0,0.0,0.004965017475505835,0.29617026232126464,0.6988647202032297
LTP RDI30_3_2,2019-10-01,3.0,2.0,1.0,0.44490704778607104,0.5521510017614281,0.0029419504525009556
LTP RDI30_3_2,2019-10-02,2.0,2.0,0.0,0.29097039505240235,0.7029872395270018,0.006042365420595863
LTP RDI30_3_2,2019-10-03,1.0,3.0,-2.0,0.0050726027782299465,0.20360360808281158,0.7913237891389585
LTP RDI30_3_2,2019-10-04,3.0,3.0,0.0,4.2554389144437586e-05,0.006219890184979236,0.9937375554258764
LTP RDI30_3_2,2019-10-05,3.0,2.0,1.0,0.06196015950274613,0.7666221960020949,0.17141764449515898
LTP RDI30_3_2,2019-10-06,2.0,1.0,1.0,0.6694236454384969,0.3303895725207938,0.00018678204070931317
LTP RDI30_3_2,2019-10-07,1.0,1.0,0.0,0.7481394582816899,0.2518106178596373,4.992385867285127e-05
LTP RDI30_3_2,2019-10-08,2.0,1.0,1.0,0.7575221134171439,0.2424061035192938,7.178306356229768e-05
LTP RDI30_3_2,2019-10-09,2.0,1.0,1.0,0.7327626354525135,0.26716833160508247,6.903294240403109e-05
LTP RDI30_3_2,2019-10-10,2.0,2.0,0.0,0.19831632250842454,0.7589732760894824,0.04271040140209305
LTP RDI30_3_2,2019-10-11,3.0,3.0,0.0,4.939286627903214e-06,0.0017576184992462761,0.9982374422141258
LTP RDI30_3_2,2019-10-12,3.0,2.0,1.0,0.01816757325972917,0.49504544323990246,0.4867869835003684
LTP RDI30_3_2,2019-10-13,3.0,3.0,0.0,4.5567587050372567e-05,0.017333954660446627,0.982620477752503
LTP RDI30_3_2,2019-10-14,3.0,3.0,0.0,1.3167705880041328e-08,3.781875434622259e-05,0.9999621680779479
LTP RDI30_3_2,2019-10-15,3.0,2.0,1.0,0.00974738861932827,0.5548484277302616,0.4354041836504103
LTP RDI30_3_2,2019-10-16,3.0,2.0,1.0,0.06572746430776179,0.6447323944648192,0.289540141227419
