,Fecha,pk,bk,ctend,bk1,Y
TDV Control_1,2019-04-25,1.0,1.0,278.74936,1.0,0.0
TDV Control_2,2019-04-25,1.0,1.0,3334.1168,1.0,0.0
TDV RDI45_1,2019-04-25,1.0,1.0,315.56096,1.0,0.0
TDV RDI45_2,2019-04-25,1.0,1.0,634.39296,1.0,0.0
TDV RDI30_2,2019-04-25,1.0,1.0,-163.2612,1.0,0.0
TDV RDI30_3,2019-04-25,1.0,1.0,378.2944,1.0,0.0
TDV Control_1,2019-04-26,-1.0,0.3333333333333333,249.51224,0.0,1.0
TDV Control_2,2019-04-26,-1.0,0.3333333333333333,3273.4352,0.0,1.0
TDV RDI45_1,2019-04-26,-1.0,0.3333333333333333,216.94816,0.0,1.0
TDV RDI45_2,2019-04-26,-1.0,0.3333333333333333,542.57136,0.0,1.0
TDV RDI30_2,2019-04-26,-1.0,0.3333333333333333,-219.2388,0.0,1.0
TDV RDI30_3,2019-04-26,-1.0,0.3333333333333333,315.7664,0.0,1.0
TDV Control_1,2019-04-27,-2.0,0.14285714285714285,-68.44144,0.0,1.0
TDV Control_2,2019-04-27,-2.0,0.14285714285714285,-64.05279999999993,0.0,1.0
TDV RDI45_1,2019-04-27,-2.0,0.14285714285714285,-43.99647999999999,0.0,1.0
TDV RDI45_2,2019-04-27,-2.0,0.14285714285714285,-40.809600000000046,0.0,1.0
TDV RDI30_2,2019-04-27,-2.0,0.14285714285714285,-30.321200000000005,0.0,1.0
TDV RDI30_3,2019-04-27,-2.0,0.14285714285714285,-62.52799999999996,0.0,1.0
TDV Control_1,2019-04-28,-3.0,0.06666666666666667,-74.08952,0.0,1.0
TDV Control_2,2019-04-28,1.0,0.6,-3.3712000000000444,1.0,0.0
TDV RDI45_1,2019-04-28,1.0,0.6,-43.23792,1.0,1.0
TDV RDI45_2,2019-04-28,1.0,0.6,-34.00800000000004,1.0,0.0
TDV RDI30_2,2019-04-28,-3.0,0.06666666666666667,-37.318400000000025,0.0,1.0
TDV RDI30_3,2019-04-28,1.0,0.6,-56.275199999999984,1.0,1.0
TDV Control_1,2019-04-29,1.0,0.5483870967741935,-29.237120000000004,1.0,0.0
TDV Control_2,2019-04-29,2.0,0.8064516129032258,67.42399999999998,1.0,0.0
TDV RDI45_1,2019-04-29,2.0,0.8064516129032258,35.65232,1.0,0.0
TDV RDI45_2,2019-04-29,2.0,0.8064516129032258,51.01200000000006,1.0,0.0
TDV RDI30_2,2019-04-29,1.0,0.5483870967741935,-16.32679999999999,1.0,0.0
TDV RDI30_3,2019-04-29,2.0,0.8064516129032258,53.148799999999994,1.0,0.0
TDV Control_1,2019-04-30,2.0,0.7777777777777778,33.22400000000002,1.0,0.0
TDV Control_2,2019-04-30,3.0,0.9047619047619048,117.99200000000019,1.0,0.0
TDV RDI45_1,2019-04-30,3.0,0.9047619047619048,47.03072,1.0,0.0
TDV RDI45_2,2019-04-30,3.0,0.9047619047619048,74.81759999999997,1.0,0.0
TDV RDI30_2,2019-04-30,2.0,0.7777777777777778,46.647999999999996,1.0,0.0
TDV RDI30_3,2019-04-30,3.0,0.9047619047619048,100.04480000000001,1.0,0.0
TDV Control_1,2019-05-01,3.0,0.889763779527559,65.11904000000001,1.0,0.0
TDV Control_2,2019-05-01,4.0,0.952755905511811,151.70400000000018,1.0,0.0
TDV RDI45_1,2019-05-01,4.0,0.952755905511811,54.61632,1.0,0.0
TDV RDI45_2,2019-05-01,4.0,0.952755905511811,95.2224,1.0,0.0
TDV RDI30_2,2019-05-01,3.0,0.889763779527559,88.63119999999998,1.0,0.0
TDV RDI30_3,2019-05-01,4.0,0.952755905511811,140.688,1.0,0.0
TDV Control_1,2019-05-02,4.0,0.9450980392156862,95.02063999999999,1.0,0.0
TDV Control_2,2019-05-02,5.0,0.9764705882352941,192.15840000000026,1.0,0.0
TDV RDI45_1,2019-05-02,5.0,0.9764705882352941,69.78752,1.0,0.0
TDV RDI45_2,2019-05-02,5.0,0.9764705882352941,119.02800000000002,1.0,0.0
TDV RDI30_2,2019-05-02,4.0,0.9450980392156862,116.61999999999999,1.0,0.0
TDV RDI30_3,2019-05-02,5.0,0.9764705882352941,175.0784,1.0,0.0
TDV Control_1,2019-05-03,5.0,0.9726027397260274,144.85664,1.0,0.0
TDV Control_2,2019-05-03,6.0,0.9882583170254403,239.35519999999997,1.0,0.0
TDV RDI45_1,2019-05-03,6.0,0.9882583170254403,100.12992000000003,1.0,0.0
TDV RDI45_2,2019-05-03,6.0,0.9882583170254403,153.03600000000006,1.0,0.0
TDV RDI30_2,2019-05-03,5.0,0.9726027397260274,135.2792,1.0,0.0
TDV RDI30_3,2019-05-03,6.0,0.9882583170254403,225.1008,1.0,0.0
TDV Control_1,2019-05-04,6.0,0.9863147605083089,188.04784000000004,1.0,0.0
TDV Control_2,2019-05-04,7.0,0.9941348973607038,256.2112000000002,1.0,0.0
TDV RDI45_1,2019-05-04,7.0,0.9941348973607038,141.85072000000002,1.0,0.0
TDV RDI45_2,2019-05-04,7.0,0.9941348973607038,210.8496,1.0,0.0
TDV RDI30_2,2019-05-04,6.0,0.9863147605083089,170.2652,1.0,0.0
TDV RDI30_3,2019-05-04,7.0,0.9941348973607038,287.6288,1.0,0.0
TDV Control_1,2019-05-05,7.0,0.9931607230092818,267.78544,1.0,0.0
TDV Control_2,2019-05-05,8.0,0.9970688812896922,320.2640000000001,1.0,0.0
TDV RDI45_1,2019-05-05,8.0,0.9970688812896922,187.36432000000002,1.0,0.0
TDV RDI45_2,2019-05-05,8.0,0.9970688812896922,258.46080000000006,1.0,0.0
TDV RDI30_2,2019-05-05,7.0,0.9931607230092818,219.2456,1.0,0.0
TDV RDI30_3,2019-05-05,8.0,0.9970688812896922,350.15680000000003,1.0,0.0
TDV Control_1,2019-05-06,8.0,0.9965811965811966,281.07504000000006,1.0,0.0
TDV Control_2,2019-05-06,9.0,0.9985347985347985,343.8624,1.0,0.0
TDV RDI45_1,2019-05-06,9.0,0.9985347985347985,221.49952000000002,1.0,0.0
TDV RDI45_2,2019-05-06,9.0,0.9985347985347985,302.6712,1.0,0.0
TDV RDI30_2,2019-05-06,8.0,0.9965811965811966,228.5752,1.0,0.0
TDV RDI30_3,2019-05-06,9.0,0.9985347985347985,365.7888,1.0,0.0
TDV Control_1,2019-05-07,9.0,0.9982908069832743,330.91103999999996,1.0,0.0
TDV Control_2,2019-05-07,10.0,0.9992674887071176,370.83200000000033,1.0,0.0
TDV RDI45_1,2019-05-07,10.0,0.9992674887071176,255.63472000000002,1.0,0.0
TDV RDI45_2,2019-05-07,10.0,0.9992674887071176,353.68320000000006,1.0,0.0
TDV RDI30_2,2019-05-07,9.0,0.9982908069832743,261.2288,1.0,0.0
TDV RDI30_3,2019-05-07,10.0,0.9992674887071176,409.55840000000006,1.0,0.0
TDV Control_1,2019-05-08,-1.0,0.49911493621436853,287.71984,0.0,1.0
TDV Control_2,2019-05-08,11.0,0.9996337667093939,377.57439999999997,1.0,0.0
TDV RDI45_1,2019-05-08,11.0,0.9996337667093939,263.22032,1.0,0.0
TDV RDI45_2,2019-05-08,-1.0,0.49960324726851,316.2744,0.0,1.0
TDV RDI30_2,2019-05-08,-1.0,0.49911493621436853,212.2484,0.0,1.0
TDV RDI30_3,2019-05-08,-1.0,0.49960324726851,368.91519999999997,0.0,1.0
TDV Control_1,2019-05-09,1.0,0.749565111239967,53.15840000000003,1.0,0.0
TDV Control_2,2019-05-09,12.0,0.999816888943144,418.02880000000005,1.0,0.0
TDV RDI45_1,2019-05-09,12.0,0.999816888943144,297.35552,1.0,0.0
TDV RDI45_2,2019-05-09,1.0,0.749809259315775,37.40880000000004,1.0,0.0
TDV RDI30_2,2019-05-09,1.0,0.749565111239967,44.3156,1.0,0.0
TDV RDI30_3,2019-05-09,1.0,0.749809259315775,46.89600000000007,1.0,0.0
TDV Control_1,2019-05-10,2.0,0.8747844663157092,49.83600000000001,1.0,0.0
TDV Control_2,2019-05-10,13.0,0.9999084458686198,458.4832000000001,1.0,0.0
TDV RDI45_1,2019-05-10,13.0,0.9999084458686198,320.11232,1.0,0.0
TDV RDI45_2,2019-05-10,2.0,0.8749065384908827,37.40879999999993,1.0,0.0
TDV RDI30_2,2019-05-10,2.0,0.8747844663157092,27.9888,1.0,0.0
TDV RDI30_3,2019-05-10,2.0,0.8749065384908827,37.51679999999999,1.0,0.0
TDV Control_1,2019-05-11,-1.0,0.4373888960944831,-13.289600000000064,0.0,1.0
TDV Control_2,2019-05-11,-1.0,0.4999504085571942,434.88480000000027,0.0,1.0
TDV RDI45_1,2019-05-11,-1.0,0.4999504085571942,221.49952000000002,0.0,1.0
TDV RDI45_2,2019-05-11,-1.0,0.43744993171639796,-44.21040000000005,0.0,1.0
TDV RDI30_2,2019-05-11,-1.0,0.4373888960944831,-23.324,0.0,1.0
TDV RDI30_3,2019-05-11,-1.0,0.43744993171639796,-43.76960000000008,0.0,1.0
TDV Control_1,2019-05-12,-2.0,0.21869361379094615,-26.5791999999999,0.0,1.0
TDV Control_2,2019-05-12,-2.0,0.24997425069523121,-26.9695999999999,0.0,1.0
TDV RDI45_1,2019-05-12,-2.0,0.24997425069523121,-72.0632,0.0,1.0
TDV RDI45_2,2019-05-12,-2.0,0.21872413148548692,-85.01999999999998,0.0,1.0
TDV RDI30_2,2019-05-12,-2.0,0.21869361379094615,-34.986,0.0,1.0
TDV RDI30_3,2019-05-12,-2.0,0.21872413148548692,-21.884799999999927,0.0,1.0
TDV Control_1,2019-05-13,1.0,0.609347552008728,13.289600000000064,1.0,0.0
TDV Control_2,2019-05-13,1.0,0.6249878406292737,26.9695999999999,1.0,0.0
TDV RDI45_1,2019-05-13,1.0,0.6249878406292737,-60.684799999999996,1.0,0.0
TDV RDI45_2,2019-05-13,1.0,0.6093628108268945,-74.81759999999997,1.0,0.0
TDV RDI30_2,2019-05-13,1.0,0.609347552008728,-13.9944,1.0,0.0
TDV RDI30_3,2019-05-13,1.0,0.6093628108268945,53.14880000000005,1.0,0.0
TDV Control_1,2019-05-14,2.0,0.8046739622821448,39.868799999999965,1.0,0.0
TDV Control_2,2019-05-14,2.0,0.8124940991345397,40.45440000000008,1.0,0.0
TDV RDI45_1,2019-05-14,2.0,0.8124940991345397,15.171199999999999,1.0,0.0
TDV RDI45_2,2019-05-14,2.0,0.804681591683952,23.805600000000027,1.0,0.0
TDV RDI30_2,2019-05-14,2.0,0.8046739622821448,18.6592,1.0,0.0
TDV RDI30_3,2019-05-14,2.0,0.804681591683952,40.64319999999998,1.0,0.0
TDV Control_1,2019-05-15,3.0,0.902337027710451,102.99439999999993,1.0,0.0
TDV Control_2,2019-05-15,3.0,0.9062470942721816,121.36319999999978,1.0,0.0
TDV RDI45_1,2019-05-15,3.0,0.9062470942721816,87.2344,1.0,0.0
TDV RDI45_2,2019-05-15,3.0,0.9023408424095356,112.22640000000001,1.0,0.0
TDV RDI30_2,2019-05-15,3.0,0.902337027710451,76.9692,1.0,0.0
TDV RDI30_3,2019-05-15,3.0,0.9023408424095356,103.1712,1.0,0.0
TDV Control_1,2019-05-16,-1.0,0.45116840628824384,76.41520000000003,0.0,1.0
TDV Control_2,2019-05-16,-1.0,0.4531234391029928,114.62080000000014,0.0,1.0
TDV RDI45_1,2019-05-16,-1.0,0.4531234391029928,64.4776,0.0,1.0
TDV RDI45_2,2019-05-16,-1.0,0.4511703136373314,85.01999999999998,0.0,1.0
TDV RDI30_2,2019-05-16,-1.0,0.45116840628824384,65.3072,0.0,1.0
TDV RDI30_3,2019-05-16,-1.0,0.4511703136373314,87.53920000000005,0.0,1.0
TDV Control_1,2019-05-17,1.0,0.725584235857038,3.3223999999999023,1.0,0.0
TDV Control_2,2019-05-17,1.0,0.7265617521478834,30.340799999999945,1.0,0.0
TDV RDI45_1,2019-05-17,1.0,0.7265617521478834,60.684799999999996,1.0,0.0
TDV RDI45_2,2019-05-17,1.0,0.7255851895314681,71.41679999999997,1.0,0.0
TDV RDI30_2,2019-05-17,1.0,0.725584235857038,41.9832,1.0,0.0
TDV RDI30_3,2019-05-17,1.0,0.7255851895314681,59.40159999999992,1.0,0.0
TDV Control_1,2019-05-18,2.0,0.8627921261067466,19.934400000000096,1.0,0.0
TDV Control_2,2019-05-18,2.0,0.8632808842230371,6.742400000000089,1.0,0.0
TDV RDI45_1,2019-05-18,2.0,0.8632808842230371,7.5855999999999995,1.0,0.0
TDV RDI45_2,2019-05-18,2.0,0.8627926029439332,10.202400000000011,1.0,0.0
TDV RDI30_2,2019-05-18,2.0,0.8627921261067466,18.6592,1.0,0.0
TDV RDI30_3,2019-05-18,2.0,0.8627926029439332,18.75840000000005,1.0,0.0
TDV Control_1,2019-05-19,-1.0,0.43139605019676835,-9.967199999999934,0.0,1.0
TDV Control_2,2019-05-19,-1.0,0.4316404292476305,-10.113600000000133,0.0,1.0
TDV RDI45_1,2019-05-19,-1.0,0.4316404292476305,-30.342399999999998,0.0,1.0
TDV RDI45_2,2019-05-19,-1.0,0.43139628861535456,-17.00400000000002,0.0,1.0
TDV RDI30_2,2019-05-19,-1.0,0.43139605019676835,-18.6592,0.0,1.0
TDV RDI30_3,2019-05-19,-1.0,0.43139628861535456,-28.13760000000002,0.0,1.0
TDV Control_1,2019-05-20,1.0,0.7156980293348137,86.38239999999996,1.0,0.0
TDV Control_2,2019-05-20,1.0,0.7158202188584241,94.39359999999988,1.0,0.0
TDV RDI45_1,2019-05-20,1.0,0.7158202188584241,79.6488,1.0,0.0
TDV RDI45_2,2019-05-20,1.0,0.7156981485441051,88.4208000000001,1.0,0.0
TDV RDI30_2,2019-05-20,1.0,0.7156980293348137,53.6452,1.0,0.0
TDV RDI30_3,2019-05-20,1.0,0.7156981485441051,62.52800000000002,1.0,0.0
TDV Control_1,2019-05-21,-1.0,0.35784901200122393,-36.54639999999995,0.0,1.0
TDV Control_2,2019-05-21,-1.0,0.3579101067625739,-16.855999999999767,0.0,1.0
TDV RDI45_1,2019-05-21,-1.0,0.3579101067625739,-75.856,0.0,1.0
TDV RDI45_2,2019-05-21,-1.0,0.35784907160586915,-44.21040000000005,0.0,1.0
TDV RDI30_2,2019-05-21,-1.0,0.35784901200122393,-55.977599999999995,0.0,1.0
TDV RDI30_3,2019-05-21,-1.0,0.35784907160586915,-84.41279999999995,0.0,1.0
TDV Control_1,2019-05-22,1.0,0.6789245071967114,26.579200000000014,1.0,0.0
TDV Control_2,2019-05-22,1.0,0.6789550545772726,47.19679999999971,1.0,0.0
TDV RDI45_1,2019-05-22,1.0,0.6789550545772726,18.964,1.0,0.0
TDV RDI45_2,2019-05-22,1.0,0.6789245369990339,3.400800000000004,1.0,0.0
TDV RDI30_2,2019-05-22,1.0,0.6789245071967114,13.994399999999999,1.0,0.0
TDV RDI30_3,2019-05-22,1.0,0.6789245369990339,3.1263999999999896,1.0,0.0
TDV Control_1,2019-05-23,-1.0,0.339462252966058,-6.644800000000032,0.0,1.0
TDV Control_2,2019-05-23,2.0,0.8394775275876327,6.742400000000089,1.0,0.0
TDV RDI45_1,2019-05-23,-1.0,0.33947752665631015,-60.684799999999996,0.0,1.0
TDV RDI45_2,2019-05-23,-1.0,0.3394622678672192,-88.42079999999999,0.0,1.0
TDV RDI30_2,2019-05-23,-1.0,0.339462252966058,-25.656400000000005,0.0,1.0
TDV RDI30_3,2019-05-23,-1.0,0.3394622678672192,-53.14880000000005,0.0,1.0
TDV Control_1,2019-05-24,1.0,0.6697311267906159,29.90160000000003,1.0,0.0
TDV Control_2,2019-05-24,3.0,0.9197387638685655,30.3408000000004,1.0,0.0
TDV RDI45_1,2019-05-24,-2.0,0.16973876317007353,0.0,0.0,0.0
TDV RDI45_2,2019-05-24,-2.0,0.16973113377553517,0.0,0.0,1.0
TDV RDI30_2,2019-05-24,1.0,0.6697311267906159,25.656400000000005,1.0,0.0
TDV RDI30_3,2019-05-24,1.0,0.6697311342411965,9.379200000000083,1.0,0.0
TDV Control_1,2019-05-25,2.0,0.8348655634722046,13.28959999999995,1.0,0.0
TDV Control_2,2019-05-25,4.0,0.95986938195297,50.56800000000021,1.0,0.0
TDV RDI45_1,2019-05-25,1.0,0.584869381778347,3.7927999999999997,1.0,0.0
TDV RDI45_2,2019-05-25,1.0,0.5848655670810796,17.00400000000002,1.0,0.0
TDV RDI30_2,2019-05-25,-1.0,0.334865563239374,-18.659200000000013,0.0,1.0
TDV RDI30_3,2019-05-25,-1.0,0.3348655669646643,-15.632000000000062,0.0,1.0
TDV Control_1,2019-05-26,3.0,0.9174327817553265,46.5136,1.0,0.0
TDV Control_2,2019-05-26,5.0,0.9799346909811568,97.76480000000038,1.0,0.0
TDV RDI45_1,2019-05-26,2.0,0.7924346909375011,3.7927999999999997,1.0,0.0
TDV RDI45_2,2019-05-26,-1.0,0.2924327834724525,-10.202400000000011,0.0,1.0
TDV RDI30_2,2019-05-26,-2.0,0.16743278158070352,-4.6647999999999925,0.0,1.0
TDV RDI30_3,2019-05-26,-2.0,0.16743278344334867,-6.252799999999979,0.0,1.0
TDV Control_1,2019-05-27,-1.0,0.45871639082426163,46.5136,0.0,1.0
TDV Control_2,2019-05-27,6.0,0.9899673454917464,117.99200000000019,1.0,0.0
TDV RDI45_1,2019-05-27,-1.0,0.39621734542262477,-34.1352,0.0,1.0
TDV RDI45_2,2019-05-27,-2.0,0.14621639171920442,-30.607200000000034,0.0,1.0
TDV RDI30_2,2019-05-27,-3.0,0.08371639078060589,-25.65639999999999,0.0,1.0
TDV RDI30_3,2019-05-27,-3.0,0.08371639171192846,-37.51679999999999,0.0,1.0
TDV Control_1,2019-05-28,-2.0,0.2293581953987804,-3.322400000000016,0.0,1.0
TDV Control_2,2019-05-28,-1.0,0.49498367271706134,117.99200000000019,0.0,0.0
TDV RDI45_1,2019-05-28,-2.0,0.19810867269978094,-64.4776,0.0,1.0
TDV RDI45_2,2019-05-28,-3.0,0.07310819585534675,-112.22640000000001,0.0,1.0
TDV RDI30_2,2019-05-28,-4.0,0.041858195387866476,-86.2988,0.0,1.0
TDV RDI30_3,2019-05-28,-4.0,0.04185819585352776,-81.28639999999996,0.0,1.0
TDV Control_1,2019-05-29,-3.0,0.1146790976960526,-63.12560000000008,0.0,1.0
TDV Control_2,2019-05-29,-2.0,0.2474918363513277,-37.08320000000003,0.0,1.0
TDV RDI45_1,2019-05-29,-3.0,0.09905433634700761,-140.33360000000002,0.0,1.0
TDV RDI45_2,2019-05-29,-4.0,0.03655409792660951,-197.2464,0.0,1.0
TDV RDI30_2,2019-05-29,-5.0,0.02092909769332412,-142.2764,0.0,1.0
TDV RDI30_3,2019-05-29,-5.0,0.020929097926154765,-156.31999999999994,0.0,1.0
TDV Control_1,2019-05-30,1.0,0.5573395488544679,23.2568,1.0,0.0
TDV Control_2,2019-05-30,1.0,0.6237459181811391,37.08320000000003,1.0,0.0
TDV RDI45_1,2019-05-30,1.0,0.5495271681800591,-75.856,1.0,0.0
TDV RDI45_2,2019-05-30,1.0,0.5182770489703148,-142.83360000000005,1.0,0.0
TDV RDI30_2,2019-05-30,1.0,0.5104645488537858,-107.29039999999999,1.0,0.0
TDV RDI30_3,2019-05-30,1.0,0.5104645489702011,-134.4352,1.0,0.0
TDV Control_1,2019-05-31,-1.0,0.27866977442520635,-83.06000000000006,0.0,1.0
TDV Control_2,2019-05-31,-1.0,0.31187295908830037,-30.340799999999945,0.0,1.0
TDV RDI45_1,2019-05-31,-1.0,0.27476358408803037,-18.964,0.0,1.0
TDV RDI45_2,2019-05-31,-1.0,0.2591385244832719,-3.400800000000004,0.0,1.0
TDV RDI30_2,2019-05-31,2.0,0.7552322744286738,34.986,1.0,0.0
TDV RDI30_3,2019-05-31,-1.0,0.2552322744832435,-18.758399999999938,0.0,1.0
TDV Control_1,2019-06-01,1.0,0.6393348872139153,29.90160000000003,1.0,0.0
TDV Control_2,2019-06-01,1.0,0.6559364795454019,3.3711999999995896,1.0,0.0
TDV RDI45_1,2019-06-01,-2.0,0.1373817920435154,-11.378400000000028,0.0,1.0
TDV RDI45_2,2019-06-01,-2.0,0.12956926224116458,-6.801600000000008,0.0,1.0
TDV RDI30_2,2019-06-01,-1.0,0.3776161372129631,-18.6592,0.0,1.0
TDV RDI30_3,2019-06-01,-2.0,0.12761613724115747,-40.64319999999998,0.0,1.0
TDV Control_1,2019-06-02,2.0,0.8196674436072856,19.934399999999982,1.0,0.0
TDV Control_2,2019-06-02,2.0,0.8279682397730138,16.856000000000677,1.0,0.0
TDV RDI45_1,2019-06-02,-3.0,0.06869089602163274,-26.549600000000027,0.0,1.0
TDV RDI45_2,2019-06-02,-3.0,0.06478463112046444,-61.214399999999955,0.0,1.0
TDV RDI30_2,2019-06-02,-2.0,0.18880806860613814,-37.3184,0.0,1.0
TDV RDI30_3,2019-06-02,-3.0,0.06380806862046266,-71.90720000000005,0.0,1.0
TDV Control_1,2019-06-03,3.0,0.9098337218037248,39.868799999999965,1.0,0.0
TDV Control_2,2019-06-03,3.0,0.9139841198865851,57.3104000000003,1.0,0.0
TDV RDI45_1,2019-06-03,-4.0,0.03434544801078514,-37.928000000000026,0.0,1.0
TDV RDI45_2,2019-06-03,-4.0,0.032392315560202764,-71.41679999999997,0.0,1.0
TDV RDI30_2,2019-06-03,-3.0,0.0944040343029832,-58.31,0.0,1.0
TDV RDI30_3,2019-06-03,-4.0,0.03190403431020232,-109.42400000000004,0.0,1.0
TDV Control_1,2019-06-04,-1.0,0.45491686090165556,-3.322400000000016,0.0,1.0
TDV Control_2,2019-06-04,-1.0,0.4569920599430848,37.08320000000003,0.0,1.0
TDV RDI45_1,2019-06-04,-5.0,0.01717272400538476,-121.36960000000002,0.0,1.0
TDV RDI45_2,2019-06-04,-5.0,0.016196157780094016,-149.63519999999994,0.0,1.0
TDV RDI30_2,2019-06-04,-4.0,0.047202017151470134,-118.9524,0.0,1.0
TDV RDI30_3,2019-06-04,-5.0,0.015952017155093905,-175.07840000000004,0.0,1.0
TDV Control_1,2019-06-05,1.0,0.7274584304508898,112.96159999999998,1.0,0.0
TDV Control_2,2019-06-05,1.0,0.7284960299716041,50.56800000000021,1.0,0.0
TDV RDI45_1,2019-06-05,1.0,0.5085863620028042,166.8832,1.0,0.0
TDV RDI45_2,2019-06-05,1.0,0.5080980788901589,91.82159999999999,1.0,0.0
TDV RDI30_2,2019-06-05,1.0,0.5236010085758434,67.6396,1.0,0.0
TDV RDI30_3,2019-06-05,1.0,0.5079760085776588,96.91840000000002,1.0,0.0
TDV Control_1,2019-06-06,2.0,0.8637292152254603,56.480800000000045,1.0,0.0
TDV Control_2,2019-06-06,2.0,0.8642480149858175,53.9391999999998,1.0,0.0
TDV RDI45_1,2019-06-06,2.0,0.75429318100143,91.02719999999994,1.0,0.0
TDV RDI45_2,2019-06-06,2.0,0.7540490394451074,105.4248,1.0,0.0
TDV RDI30_2,2019-06-06,2.0,0.7618005042879488,62.97480000000001,1.0,0.0
TDV RDI30_3,2019-06-06,2.0,0.7539880042888574,62.527999999999906,1.0,0.0
TDV Control_1,2019-06-07,-1.0,0.4318646076127056,36.54640000000006,0.0,1.0
TDV Control_2,2019-06-07,-1.0,0.43212400749288415,43.82560000000012,0.0,1.0
TDV RDI45_1,2019-06-07,3.0,0.877146590500722,94.82,1.0,0.0
TDV RDI45_2,2019-06-07,-1.0,0.37702451972253226,98.6232,0.0,1.0
TDV RDI30_2,2019-06-07,-1.0,0.38090025214395273,30.321200000000005,0.0,1.0
TDV RDI30_3,2019-06-07,-1.0,0.37699400214440726,34.3904,0.0,1.0
TDV Control_1,2019-06-08,1.0,0.7159323038063609,26.579200000000014,1.0,0.0
TDV Control_2,2019-06-08,1.0,0.7160620037464501,33.711999999999534,1.0,0.0
TDV RDI45_1,2019-06-08,-1.0,0.43857329525034855,68.2704,0.0,1.0
TDV RDI45_2,2019-06-08,-2.0,0.18851225986126077,-40.80959999999993,0.0,1.0
TDV RDI30_2,2019-06-08,-2.0,0.19045012607197095,-44.3156,0.0,1.0
TDV RDI30_3,2019-06-08,-2.0,0.18849700107219827,-84.41280000000006,0.0,1.0
TDV Control_1,2019-06-09,-1.0,0.3579661519031754,-9.967200000000048,0.0,1.0
TDV Control_2,2019-06-09,-1.0,0.35803100187322,-6.742399999999179,0.0,1.0
TDV RDI45_1,2019-06-09,-2.0,0.21928664762517114,-26.549599999999998,0.0,1.0
TDV RDI45_2,2019-06-09,-3.0,0.09425612993062905,-68.01599999999996,0.0,1.0
TDV RDI30_2,2019-06-09,-3.0,0.09522506303598413,-67.6396,0.0,1.0
TDV RDI30_3,2019-06-09,-3.0,0.0942485005360978,-146.94080000000008,0.0,1.0
TDV Control_1,2019-06-10,1.0,0.6789830759515899,66.44799999999998,1.0,0.0
TDV Control_2,2019-06-10,1.0,0.6790155009366122,64.05279999999948,1.0,0.0
TDV RDI45_1,2019-06-10,1.0,0.6096433238125883,15.171199999999942,1.0,0.0
TDV RDI45_2,2019-06-10,1.0,0.5471280649653177,-44.210399999999936,1.0,0.0
TDV RDI30_2,2019-06-10,-4.0,0.047612531517991726,-79.30160000000001,0.0,1.0
TDV RDI30_3,2019-06-10,1.0,0.5471242502680521,-128.18240000000003,1.0,0.0
TDV Control_1,2019-06-11,2.0,0.8394915379757956,23.2568,1.0,0.0
TDV Control_2,2019-06-11,2.0,0.8395077504683067,30.340799999999945,1.0,0.0
TDV RDI45_1,2019-06-11,2.0,0.8048216619062949,30.342399999999998,1.0,0.0
TDV RDI45_2,2019-06-11,2.0,0.7735640324826597,17.00400000000002,1.0,0.0
TDV RDI30_2,2019-06-11,-5.0,0.023806265758995776,-88.6312,0.0,1.0
TDV RDI30_3,2019-06-11,-1.0,0.2735621251340251,-3.1263999999999896,0.0,0.0
TDV Control_1,2019-06-12,3.0,0.919745768987898,39.86880000000008,1.0,0.0
TDV Control_2,2019-06-12,3.0,0.9197538752341535,53.9391999999998,1.0,0.0
TDV RDI45_1,2019-06-12,3.0,0.9024108309531476,68.2704,1.0,0.0
TDV RDI45_2,2019-06-12,3.0,0.88678201624133,27.206399999999917,1.0,0.0
TDV RDI30_2,2019-06-12,1.0,0.5119031328794987,-83.9664,1.0,0.0
TDV RDI30_3,2019-06-12,1.0,0.6367810625670132,28.13760000000002,1.0,0.0
TDV Control_1,2019-06-13,4.0,0.959872884493949,43.19119999999998,1.0,0.0
TDV Control_2,2019-06-13,4.0,0.9598769376170768,60.68159999999989,1.0,0.0
TDV RDI45_1,2019-06-13,-1.0,0.4512054154765734,56.89200000000005,0.0,1.0
TDV RDI45_2,2019-06-13,-1.0,0.4433910081206646,-3.400800000000004,0.0,1.0
TDV RDI30_2,2019-06-13,-1.0,0.25595156643974915,-11.661999999999999,0.0,1.0
TDV RDI30_3,2019-06-13,-1.0,0.3183905312835063,-12.505600000000072,0.0,1.0
TDV Control_1,2019-06-14,-1.0,0.4799364422469743,19.934399999999982,0.0,1.0
TDV Control_2,2019-06-14,-1.0,0.4799384688085382,50.56800000000021,0.0,1.0
TDV RDI45_1,2019-06-14,-2.0,0.2256027077382866,-45.5136,0.0,1.0
TDV RDI45_2,2019-06-14,-2.0,0.22169550406033223,-54.41280000000006,0.0,1.0
TDV RDI30_2,2019-06-14,-2.0,0.12797578321987452,-53.64520000000001,0.0,1.0
TDV RDI30_3,2019-06-14,-2.0,0.1591952656417531,-43.76959999999997,0.0,1.0
TDV Control_1,2019-06-15,1.0,0.7399682211234871,109.63919999999996,1.0,0.0
TDV Control_2,2019-06-15,1.0,0.7399692344042691,84.27999999999975,1.0,0.0
TDV RDI45_1,2019-06-15,1.0,0.6128013538691434,56.89199999999994,1.0,0.0
TDV RDI45_2,2019-06-15,1.0,0.6108477520301662,23.805600000000027,1.0,0.0
TDV RDI30_2,2019-06-15,1.0,0.5639878916099373,-37.318400000000004,1.0,0.0
TDV RDI30_3,2019-06-15,1.0,0.5795976328208766,21.88480000000004,1.0,0.0
TDV Control_1,2019-06-16,-1.0,0.3699841105617436,-13.289599999999837,0.0,1.0
TDV Control_2,2019-06-16,-1.0,0.36998461720213455,-16.855999999999767,0.0,1.0
TDV RDI45_1,2019-06-16,-1.0,0.3064006769345717,-18.963999999999942,0.0,1.0
TDV RDI45_2,2019-06-16,-1.0,0.3054238760150831,-64.61520000000007,0.0,1.0
TDV RDI30_2,2019-06-16,-1.0,0.28199394580496867,-30.321200000000005,0.0,1.0
TDV RDI30_3,2019-06-16,-1.0,0.2897988164104383,-37.51679999999999,0.0,1.0
TDV Control_1,2019-06-17,1.0,0.6849920552808717,56.48079999999982,1.0,0.0
TDV Control_2,2019-06-17,1.0,0.6849923086010672,64.05280000000039,1.0,0.0
TDV RDI45_1,2019-06-17,1.0,0.6532003384672858,45.5136,1.0,0.0
TDV RDI45_2,2019-06-17,1.0,0.6527119380075415,37.40880000000004,1.0,0.0
TDV RDI30_2,2019-06-17,1.0,0.6409969729024843,4.6648,1.0,1.0
TDV RDI30_3,2019-06-17,1.0,0.6448994082052191,25.011199999999917,1.0,0.0
TDV Control_1,2019-06-18,2.0,0.8424960276404359,16.61200000000008,1.0,0.0
TDV Control_2,2019-06-18,2.0,0.8424961543005336,6.742399999999179,1.0,0.0
TDV RDI45_1,2019-06-18,2.0,0.8266001692336429,7.5855999999999995,1.0,0.0
TDV RDI45_2,2019-06-18,-1.0,0.32635596900377073,-6.801600000000008,0.0,1.0
TDV RDI30_2,2019-06-18,-1.0,0.3204984864512421,-20.99159999999999,0.0,1.0
TDV RDI30_3,2019-06-18,-1.0,0.32244970410260954,-25.011199999999917,0.0,1.0
TDV Control_1,2019-06-19,-1.0,0.4212480138202179,6.644800000000032,0.0,1.0
TDV Control_2,2019-06-19,3.0,0.9212480771502668,30.340799999999945,1.0,0.0
TDV RDI45_1,2019-06-19,3.0,0.9133000846168214,15.171199999999999,1.0,1.0
TDV RDI45_2,2019-06-19,1.0,0.6631779845018854,17.00400000000002,1.0,0.0
TDV RDI30_2,2019-06-19,-2.0,0.16024924322562106,-23.324000000000012,0.0,1.0
TDV RDI30_3,2019-06-19,-2.0,0.16122485205130477,-21.88480000000004,0.0,1.0
TDV Control_1,2019-06-20,-2.0,0.21062400691010896,-3.322400000000016,0.0,0.0
TDV Control_2,2019-06-20,4.0,0.9606240385751335,57.31039999999939,1.0,0.0
TDV RDI45_1,2019-06-20,-1.0,0.4566500423084107,-18.963999999999942,0.0,0.0
TDV RDI45_2,2019-06-20,-1.0,0.3315889922509427,-20.404800000000023,0.0,1.0
TDV RDI30_2,2019-06-20,-3.0,0.08012462161281053,-25.65639999999999,0.0,1.0
TDV RDI30_3,2019-06-20,-3.0,0.08061242602565238,-25.01120000000003,0.0,1.0
TDV Control_1,2019-06-21,1.0,0.6053120034550545,23.256800000000112,1.0,0.0
TDV Control_2,2019-06-21,5.0,0.9803120192875667,94.39359999999942,1.0,0.0
TDV RDI45_1,2019-06-21,1.0,0.7283250211542054,3.792799999999943,1.0,0.0
TDV RDI45_2,2019-06-21,-2.0,0.16579449612547134,-3.400800000000004,0.0,1.0
TDV RDI30_2,2019-06-21,1.0,0.5400623108064053,11.662000000000006,1.0,0.0
TDV RDI30_3,2019-06-21,1.0,0.5403062130128262,53.14879999999994,1.0,0.0
TDV Control_1,2019-06-22,2.0,0.8026560017275273,33.22399999999993,1.0,0.0
TDV Control_2,2019-06-22,6.0,0.9901560096437834,121.36319999999978,1.0,0.0
TDV RDI45_1,2019-06-22,2.0,0.8641625105771027,22.7568,1.0,0.0
TDV RDI45_2,2019-06-22,-3.0,0.08289724806273567,-27.20640000000003,0.0,1.0
TDV RDI30_2,2019-06-22,2.0,0.7700311554032027,9.329599999999985,1.0,0.0
TDV RDI30_3,2019-06-22,2.0,0.7701531065064131,12.505600000000072,1.0,0.0
TDV Control_1,2019-06-23,3.0,0.9013280008637636,43.19119999999998,1.0,0.0
TDV Control_2,2019-06-23,7.0,0.9950780048218917,144.96159999999963,1.0,0.0
TDV RDI45_1,2019-06-23,3.0,0.9320812552885513,49.30640000000005,1.0,0.0
TDV RDI45_2,2019-06-23,-4.0,0.041448624031367835,-51.01200000000006,0.0,1.0
TDV RDI30_2,2019-06-23,3.0,0.8850155777016013,18.659199999999984,1.0,0.0
TDV RDI30_3,2019-06-23,3.0,0.8850765532532066,40.64319999999998,1.0,0.0
TDV Control_1,2019-06-24,4.0,0.9506640004318818,96.34960000000001,1.0,0.0
TDV Control_2,2019-06-24,8.0,0.9975390024109458,205.64319999999952,1.0,0.0
TDV RDI45_1,2019-06-24,4.0,0.9660406276442757,113.78399999999999,1.0,0.0
TDV RDI45_2,2019-06-24,1.0,0.5207243120156839,6.801600000000008,1.0,0.0
TDV RDI30_2,2019-06-24,4.0,0.9425077888508007,48.98039999999999,1.0,0.0
TDV RDI30_3,2019-06-24,4.0,0.9425382766266033,112.55040000000008,1.0,0.0
TDV Control_1,2019-06-25,5.0,0.9753320002159409,136.21839999999997,1.0,0.0
TDV Control_2,2019-06-25,9.0,0.9987695012054729,249.46879999999965,1.0,0.0
TDV RDI45_1,2019-06-25,5.0,0.9830203138221378,166.8832,1.0,0.0
TDV RDI45_2,2019-06-25,2.0,0.760362156007842,47.61119999999994,1.0,0.0
TDV RDI30_2,2019-06-25,5.0,0.9712538944254003,67.63959999999999,1.0,0.0
TDV RDI30_3,2019-06-25,5.0,0.9712691383133016,156.32000000000005,1.0,0.0
TDV Control_1,2019-06-26,-1.0,0.48766600010797045,112.96159999999986,0.0,1.0
TDV Control_2,2019-06-26,-1.0,0.49938475060273646,235.98399999999947,0.0,1.0
TDV RDI45_1,2019-06-26,-1.0,0.4915101569110689,136.5408,0.0,1.0
TDV RDI45_2,2019-06-26,-1.0,0.380181078003921,3.400800000000004,0.0,1.0
TDV RDI30_2,2019-06-26,-1.0,0.48562694721270017,55.977599999999995,0.0,1.0
TDV RDI30_3,2019-06-26,-1.0,0.4856345691566508,118.80320000000006,0.0,1.0
TDV Control_1,2019-06-27,1.0,0.7438330000539852,46.5136,1.0,0.0
TDV Control_2,2019-06-27,1.0,0.7496923753013682,57.3104000000003,1.0,0.0
TDV RDI45_1,2019-06-27,1.0,0.7457550784555345,37.928,1.0,0.0
TDV RDI45_2,2019-06-27,1.0,0.6900905390019605,30.607200000000034,1.0,0.0
TDV RDI30_2,2019-06-27,1.0,0.7428134736063501,6.997199999999992,1.0,0.0
TDV RDI30_3,2019-06-27,1.0,0.7428172845783254,31.26400000000001,1.0,0.0
TDV Control_1,2019-06-28,-1.0,0.3719165000269926,-39.868799999999965,0.0,1.0
TDV Control_2,2019-06-28,-1.0,0.3748461876506841,-33.712000000000444,0.0,1.0
TDV RDI45_1,2019-06-28,-1.0,0.37287753922776723,-75.856,0.0,1.0
TDV RDI45_2,2019-06-28,-1.0,0.34504526950098025,-71.41680000000008,0.0,1.0
TDV RDI30_2,2019-06-28,-1.0,0.37140673680317504,-48.9804,0.0,1.0
TDV RDI30_3,2019-06-28,-1.0,0.3714086422891627,-56.27520000000004,0.0,1.0
TDV Control_1,2019-06-29,1.0,0.6859582500134963,69.77040000000011,1.0,0.0
TDV Control_2,2019-06-29,1.0,0.6874230938253421,30.340799999999945,1.0,0.0
TDV RDI45_1,2019-06-29,-2.0,0.18643876961388361,-11.378399999999942,0.0,1.0
TDV RDI45_2,2019-06-29,1.0,0.6725226347504901,3.400800000000004,1.0,1.0
TDV RDI30_2,2019-06-29,-2.0,0.18570336840158752,-2.3323999999999927,0.0,1.0
TDV RDI30_3,2019-06-29,-2.0,0.18570432114458135,-6.252799999999979,0.0,1.0
TDV Control_1,2019-06-30,-1.0,0.34297912500674815,-6.644800000000032,0.0,0.0
TDV Control_2,2019-06-30,-1.0,0.34371154691267103,-10.113599999999678,0.0,1.0
TDV RDI45_1,2019-06-30,-3.0,0.09321938480694181,-30.342399999999998,0.0,1.0
TDV RDI45_2,2019-06-30,-1.0,0.33626131737524506,-17.00400000000002,0.0,1.0
TDV RDI30_2,2019-06-30,-3.0,0.09285168420079376,-30.321200000000005,0.0,1.0
TDV RDI30_3,2019-06-30,-3.0,0.09285216057229068,-50.02239999999995,0.0,0.0
TDV Control_1,2019-07-01,1.0,0.6714895625033741,89.70479999999998,1.0,0.0
TDV Control_2,2019-07-01,1.0,0.6718557734563355,87.65120000000024,1.0,0.0
TDV RDI45_1,2019-07-01,1.0,0.5466096924034709,68.2704,1.0,0.0
TDV RDI45_2,2019-07-01,1.0,0.6681306586876226,71.41680000000008,1.0,0.0
TDV RDI30_2,2019-07-01,1.0,0.5464258421003969,-9.3296,1.0,0.0
TDV RDI30_3,2019-07-01,1.0,0.5464260802861454,12.505599999999959,1.0,0.0
TDV Control_1,2019-07-02,2.0,0.835744781251687,3.322400000000016,1.0,1.0
TDV Control_2,2019-07-02,2.0,0.8359278867281678,10.113599999999678,1.0,0.0
TDV RDI45_1,2019-07-02,-1.0,0.27330484620173545,0.0,0.0,1.0
TDV RDI45_2,2019-07-02,-1.0,0.3340653293438113,-23.805600000000027,0.0,1.0
TDV RDI30_2,2019-07-02,2.0,0.7732129210501985,2.332400000000007,1.0,0.0
TDV RDI30_3,2019-07-02,2.0,0.7732130401430727,21.88480000000004,1.0,0.0
TDV Control_1,2019-07-03,3.0,0.9178723906258435,13.289600000000064,1.0,0.0
TDV Control_2,2019-07-03,-1.0,0.4179639433640839,10.113599999999678,0.0,0.0
TDV RDI45_1,2019-07-03,1.0,0.6366524231008677,3.7928000000000566,1.0,0.0
TDV RDI45_2,2019-07-03,-2.0,0.16703266467190564,0.0,0.0,0.0
TDV RDI30_2,2019-07-03,-1.0,0.3866064605250992,0.0,0.0,0.0
TDV RDI30_3,2019-07-03,3.0,0.8866065200715363,34.3904,1.0,0.0
TDV Control_1,2019-07-04,4.0,0.9589361953129217,63.12560000000008,1.0,0.0
TDV Control_2,2019-07-04,1.0,0.7089819716820419,50.56800000000021,1.0,0.0
TDV RDI45_1,2019-07-04,2.0,0.8183262115504338,60.684799999999996,1.0,0.0
TDV RDI45_2,2019-07-04,1.0,0.5835163323359528,51.011999999999944,1.0,0.0
TDV RDI30_2,2019-07-04,1.0,0.6933032302625496,32.65360000000001,1.0,0.0
TDV RDI30_3,2019-07-04,4.0,0.9433032600357681,78.16000000000008,1.0,0.0
TDV Control_1,2019-07-05,5.0,0.9794680976564609,136.21839999999997,1.0,0.0
TDV Control_2,2019-07-05,2.0,0.854490985841021,43.82560000000012,1.0,0.0
TDV RDI45_1,2019-07-05,3.0,0.909163105775217,106.19839999999999,1.0,0.0
TDV RDI45_2,2019-07-05,2.0,0.7917581661679765,34.00800000000004,1.0,0.0
TDV RDI30_2,2019-07-05,2.0,0.8466516151312748,6.997199999999992,1.0,0.0
TDV RDI30_3,2019-07-05,5.0,0.9716516300178841,118.80320000000006,1.0,0.0
TDV Control_1,2019-07-06,-1.0,0.48973404882823046,112.96160000000009,0.0,1.0
TDV Control_2,2019-07-06,-1.0,0.4272454929205105,0.0,0.0,1.0
TDV RDI45_1,2019-07-06,-1.0,0.4545815528876085,30.342399999999998,0.0,1.0
TDV RDI45_2,2019-07-06,-1.0,0.3958790830839882,-20.40479999999991,0.0,1.0
TDV RDI30_2,2019-07-06,-1.0,0.4233258075656374,-39.650800000000004,0.0,1.0
TDV RDI30_3,2019-07-06,-1.0,0.48582581500894206,43.76960000000008,0.0,1.0
TDV Control_1,2019-07-07,1.0,0.7448670244141152,19.93439999999987,1.0,0.0
TDV Control_2,2019-07-07,1.0,0.7136227464602553,23.598399999999856,1.0,0.0
TDV RDI45_1,2019-07-07,1.0,0.7272907764438042,18.963999999999942,1.0,0.0
TDV RDI45_2,2019-07-07,1.0,0.6979395415419941,30.60719999999992,1.0,0.0
TDV RDI30_2,2019-07-07,-2.0,0.2116629037828187,-6.997199999999992,0.0,1.0
TDV RDI30_3,2019-07-07,1.0,0.742912907504471,15.631999999999948,1.0,0.0
TDV Control_1,2019-07-08,-1.0,0.3724335122070576,-23.256799999999885,0.0,1.0
TDV Control_2,2019-07-08,-1.0,0.3568113732301276,-26.969600000000355,0.0,1.0
TDV RDI45_1,2019-07-08,-1.0,0.3636453882219021,-7.5855999999999995,0.0,1.0
TDV RDI45_2,2019-07-08,-1.0,0.34896977077099706,-40.80959999999993,0.0,1.0
TDV RDI30_2,2019-07-08,-3.0,0.10583145189140936,-27.988799999999998,0.0,1.0
TDV RDI30_3,2019-07-08,2.0,0.8714564537522356,9.379199999999969,1.0,0.0
TDV Control_1,2019-07-09,1.0,0.6862167561035288,59.80319999999983,1.0,0.0
TDV Control_2,2019-07-09,1.0,0.6784056866150638,50.56800000000021,1.0,0.0
TDV RDI45_1,2019-07-09,1.0,0.6818226941109511,45.5136,1.0,0.0
TDV RDI45_2,2019-07-09,1.0,0.6744848853854986,51.011999999999944,1.0,0.0
TDV RDI30_2,2019-07-09,-4.0,0.05291572594570468,-41.98320000000001,0.0,1.0
TDV RDI30_3,2019-07-09,-1.0,0.4357282268761178,-43.76959999999997,0.0,1.0
TDV Control_1,2019-07-10,2.0,0.8431083780517644,39.86880000000019,1.0,0.0
TDV Control_2,2019-07-10,2.0,0.8392028433075319,16.855999999999767,1.0,0.0
TDV RDI45_1,2019-07-10,-1.0,0.34091134705547554,-250.32479999999998,0.0,1.0
TDV RDI45_2,2019-07-10,-1.0,0.3372424426927493,-139.43279999999993,0.0,1.0
TDV RDI30_2,2019-07-10,-5.0,0.02645786297285234,-170.2652,0.0,1.0
TDV RDI30_3,2019-07-10,-2.0,0.2178641134380589,-275.1232,0.0,1.0
TDV Control_1,2019-07-11,-1.0,0.4215541890258822,19.934400000000096,0.0,1.0
TDV Control_2,2019-07-11,-1.0,0.41960142165376596,-3.3711999999995896,0.0,1.0
TDV RDI45_1,2019-07-11,-2.0,0.17045567352773777,-53.099199999999996,0.0,1.0
TDV RDI45_2,2019-07-11,-2.0,0.16862122134637464,-170.04000000000008,0.0,1.0
TDV RDI30_2,2019-07-11,-6.0,0.01322893148642617,-202.91879999999998,0.0,1.0
TDV RDI30_3,2019-07-11,-3.0,0.10893205671902945,-287.6288,0.0,1.0
TDV Control_1,2019-07-12,-2.0,0.2107770945129411,0.0,0.0,1.0
TDV Control_2,2019-07-12,-2.0,0.20980071082688298,-30.340799999999945,0.0,1.0
TDV RDI45_1,2019-07-12,1.0,0.5852278367638689,-45.5136,1.0,0.0
TDV RDI45_2,2019-07-12,-3.0,0.08431061067318732,-183.6432000000001,0.0,1.0
TDV RDI30_2,2019-07-12,-7.0,0.006614465743213085,-207.5836,0.0,1.0
TDV RDI30_3,2019-07-12,1.0,0.5544660283595148,-271.9968,1.0,0.0
TDV Control_1,2019-07-13,1.0,0.6053885472564705,162.7976000000001,1.0,0.0
TDV Control_2,2019-07-13,1.0,0.6049003554134414,138.21919999999955,1.0,0.0
TDV RDI45_1,2019-07-13,-1.0,0.29261391838193446,-53.099199999999996,0.0,1.0
TDV RDI45_2,2019-07-13,1.0,0.5421553053365936,-78.21840000000009,1.0,0.0
TDV RDI30_2,2019-07-13,-8.0,0.0033072328716065424,-212.2484,0.0,1.0
TDV RDI30_3,2019-07-13,-1.0,0.2772330141797574,-93.79200000000003,0.0,1.0
TDV Control_1,2019-07-14,2.0,0.8026942736282352,26.5791999999999,1.0,0.0
TDV Control_2,2019-07-14,2.0,0.8024501777067208,26.969600000000355,1.0,0.0
TDV RDI45_1,2019-07-14,-2.0,0.14630695919096723,-79.6488,0.0,1.0
TDV RDI45_2,2019-07-14,-1.0,0.2710776526682968,-68.01599999999996,0.0,1.0
TDV RDI30_2,2019-07-14,-9.0,0.0016536164358032712,-293.8824,0.0,2.0
TDV RDI30_3,2019-07-14,-2.0,0.1386165070898787,-106.29759999999999,0.0,1.0
TDV Control_1,2019-07-15,-1.0,0.4013471368141176,19.93439999999987,0.0,1.0
TDV Control_2,2019-07-15,-1.0,0.4012250888533604,26.969600000000355,0.0,0.0
TDV RDI45_1,2019-07-15,-3.0,0.07315347959548361,-136.5408,0.0,1.0
TDV RDI45_2,2019-07-15,-2.0,0.1355388263341484,-68.01599999999996,0.0,1.0
TDV RDI30_2,2019-07-15,-10.0,0.0008268082179016356,-349.86,0.0,2.0
TDV RDI30_3,2019-07-15,-3.0,0.06930825354493934,-187.58399999999997,0.0,1.0
TDV Control_1,2019-07-16,1.0,0.7006735684070589,36.54639999999995,1.0,0.0
TDV Control_2,2019-07-16,1.0,0.7006125444266802,23.598399999999856,1.0,0.0
TDV RDI45_1,2019-07-16,1.0,0.5365767397977418,79.64879999999994,1.0,0.0
TDV RDI45_2,2019-07-16,1.0,0.5677694131670742,23.805600000000027,1.0,0.0
TDV RDI30_2,2019-07-16,-11.0,0.0004134041089508178,-403.5052,0.0,2.0
TDV RDI30_3,2019-07-16,-4.0,0.03465412677246967,-243.8592,0.0,1.0
TDV Control_1,2019-07-17,2.0,0.8503367842035294,36.546400000000176,1.0,0.0
TDV Control_2,2019-07-17,2.0,0.8503062722133401,37.08320000000003,1.0,0.0
TDV RDI45_1,2019-07-17,-1.0,0.2682883698988709,-185.84719999999993,0.0,1.0
TDV RDI45_2,2019-07-17,-1.0,0.2838847065835371,-81.61919999999998,0.0,1.0
TDV RDI30_2,2019-07-17,-12.0,0.0002067020544754089,-452.48560000000003,0.0,2.0
TDV RDI30_3,2019-07-17,-5.0,0.017327063386234836,-293.8816,0.0,1.0
TDV Control_1,2019-07-18,3.0,0.9251683921017647,79.73760000000016,1.0,0.0
TDV Control_2,2019-07-18,3.0,0.92515313610667,74.16640000000007,1.0,0.0
TDV RDI45_1,2019-07-18,-2.0,0.13414418494943545,-49.3064,0.0,1.0
TDV RDI45_2,2019-07-18,-2.0,0.14194235329176855,-34.00800000000004,0.0,1.0
TDV RDI30_2,2019-07-18,-13.0,0.00010335102723770445,-478.142,0.0,2.0
TDV RDI30_3,2019-07-18,-6.0,0.008663531693117418,-300.13439999999997,0.0,1.0
TDV Control_1,2019-07-19,-1.0,0.46258419605088236,43.19119999999998,0.0,1.0
TDV Control_2,2019-07-19,-1.0,0.462576568053335,13.484800000000178,0.0,1.0
TDV RDI45_1,2019-07-19,1.0,0.5670720924747177,140.33359999999993,1.0,0.0
TDV RDI45_2,2019-07-19,1.0,0.5709711766458843,-6.801600000000008,1.0,0.0
TDV RDI30_2,2019-07-19,1.0,0.5000516755136188,-363.8544,1.0,1.0
TDV RDI30_3,2019-07-19,1.0,0.5043317658465587,-56.275199999999984,1.0,0.0
TDV Control_1,2019-07-20,-2.0,0.23129209802544118,-36.54639999999995,0.0,1.0
TDV Control_2,2019-07-20,-2.0,0.2312882840266675,-57.3104000000003,0.0,0.0
TDV RDI45_1,2019-07-20,-1.0,0.28353604623735884,-235.15359999999993,0.0,1.0
TDV RDI45_2,2019-07-20,-1.0,0.28548558832294213,-231.25440000000003,0.0,1.0
TDV RDI30_2,2019-07-20,-1.0,0.2500258377568094,-142.97612000000004,0.0,2.0
TDV RDI30_3,2019-07-20,-1.0,0.25216588292327935,-193.8368,0.0,1.0
TDV Control_1,2019-07-21,1.0,0.6156460490127206,-13.289599999999837,1.0,0.0
TDV Control_2,2019-07-21,1.0,0.6156441420133337,-33.712000000000444,1.0,0.0
TDV RDI45_1,2019-07-21,-2.0,0.14176802311867942,-140.33360000000002,0.0,1.0
TDV RDI45_2,2019-07-21,-2.0,0.14274279416147106,-71.41680000000002,0.0,2.0
TDV RDI30_2,2019-07-21,-2.0,0.1250129188784047,-99.36023999999998,0.0,2.0
TDV RDI30_3,2019-07-21,-2.0,0.12608294146163967,-135.68576,0.0,1.0
TDV Control_1,2019-07-22,2.0,0.8078230245063602,39.868799999999965,1.0,0.0
TDV Control_2,2019-07-22,2.0,0.8078220710066668,26.969600000000355,1.0,1.0
TDV RDI45_1,2019-07-22,-3.0,0.07088401155933971,-144.12640000000002,0.0,1.0
TDV RDI45_2,2019-07-22,1.0,0.5713713970807355,-61.21440000000001,1.0,1.0
TDV RDI30_2,2019-07-22,-3.0,0.06250645943920236,-150.20655999999997,0.0,2.0
TDV RDI30_3,2019-07-22,-3.0,0.06304147073081984,-193.83679999999998,0.0,1.0
TDV Control_1,2019-07-23,3.0,0.9039115122531801,49.83600000000001,1.0,0.0
TDV Control_2,2019-07-23,-1.0,0.4039110355033334,6.742400000000089,0.0,0.0
TDV RDI45_1,2019-07-23,1.0,0.5354420057796698,41.7208,1.0,0.0
TDV RDI45_2,2019-07-23,2.0,0.7856856985403677,88.42079999999999,1.0,1.0
TDV RDI30_2,2019-07-23,-4.0,0.03125322971960118,-204.08499999999992,0.0,2.0
TDV RDI30_3,2019-07-23,-4.0,0.03152073536540992,-262.30496,0.0,1.0
TDV Control_1,2019-07-24,-1.0,0.45195575612659006,29.6096,0.0,1.0
TDV Control_2,2019-07-24,1.0,0.7019555177516668,173.6232,1.0,0.0
TDV RDI45_1,2019-07-24,-1.0,0.2677210028898349,-136.54080000000002,0.0,1.0
TDV RDI45_2,2019-07-24,3.0,0.8928428492701839,118.03359999999998,1.0,0.0
TDV RDI30_2,2019-07-24,-5.0,0.01562661485980059,-230.40307999999993,0.0,2.0
TDV RDI30_3,2019-07-24,-5.0,0.01576036768270496,-351.1296,0.0,1.0
TDV Control_1,2019-07-25,1.0,0.7259778780632951,16.611999999999853,1.0,0.0
TDV Control_2,2019-07-25,2.0,0.8509777588758334,37.08320000000003,1.0,0.0
TDV RDI45_1,2019-07-25,-2.0,0.13386050144491746,-30.342399999999998,0.0,1.0
TDV RDI45_2,2019-07-25,-1.0,0.44642142463509193,70.42239999999998,0.0,1.0
TDV RDI30_2,2019-07-25,-6.0,0.007813307429900294,-254.42679999999996,0.0,2.0
TDV RDI30_3,2019-07-25,-6.0,0.00788018384135248,-383.64416,0.0,2.0
TDV Control_1,2019-07-26,-1.0,0.36298893903164753,-26.5791999999999,0.0,1.0
TDV Control_2,2019-07-26,-1.0,0.4254888794379167,20.227200000000266,0.0,1.0
TDV RDI45_1,2019-07-26,1.0,0.5669302507224587,68.27040000000002,1.0,0.0
TDV RDI45_2,2019-07-26,1.0,0.723210712317546,71.41680000000002,1.0,0.0
TDV RDI30_2,2019-07-26,1.0,0.5039066537149501,-127.77747999999997,1.0,1.0
TDV RDI30_3,2019-07-26,1.0,0.5039400919206762,-185.4304,1.0,1.0
TDV Control_1,2019-07-27,1.0,0.6814944695158238,36.54639999999995,1.0,0.0
TDV Control_2,2019-07-27,1.0,0.7127444397189584,47.19679999999971,1.0,0.0
TDV RDI45_1,2019-07-27,-1.0,0.28346512536122936,-157.40120000000002,0.0,1.0
TDV RDI45_2,2019-07-27,-1.0,0.361605356158773,-57.81360000000001,0.0,1.0
TDV RDI30_2,2019-07-27,-1.0,0.25195332685747507,-62.97479999999996,0.0,2.0
TDV RDI30_3,2019-07-27,-1.0,0.2519700459603381,-131.3088,0.0,1.0
TDV Control_1,2019-07-28,2.0,0.8407472347579119,83.05999999999995,1.0,0.0
TDV Control_2,2019-07-28,2.0,0.8563722198594792,74.16640000000007,1.0,0.0
TDV RDI45_1,2019-07-28,-2.0,0.14173256268061468,-62.58120000000001,0.0,2.0
TDV RDI45_2,2019-07-28,-2.0,0.1808026780793865,0.0,0.0,1.0
TDV RDI30_2,2019-07-28,-2.0,0.12597666342873753,-25.656400000000076,0.0,2.0
TDV RDI30_3,2019-07-28,-2.0,0.12598502298016906,-64.40384,0.0,2.0
TDV Control_1,2019-07-29,3.0,0.920373617378956,126.25119999999993,1.0,0.0
TDV Control_2,2019-07-29,3.0,0.9281861099297396,87.65120000000024,1.0,0.0
TDV RDI45_1,2019-07-29,1.0,0.5708662813403074,-54.99560000000001,1.0,1.0
TDV RDI45_2,2019-07-29,-3.0,0.09040133903969325,-57.81360000000001,0.0,2.0
TDV RDI30_2,2019-07-29,-3.0,0.06298833171436877,-101.45940000000007,0.0,2.0
TDV RDI30_3,2019-07-29,-3.0,0.06299251149008453,-160.69696000000002,0.0,2.0
TDV Control_1,2019-07-30,-1.0,0.460186808689478,26.579200000000128,0.0,1.0
TDV Control_2,2019-07-30,-1.0,0.4640930549648698,37.08320000000003,0.0,1.0
TDV RDI45_1,2019-07-30,2.0,0.7854331406701537,219.98240000000004,1.0,0.0
TDV RDI45_2,2019-07-30,1.0,0.5452006695198466,-30.607199999999978,1.0,1.0
TDV RDI30_2,2019-07-30,-4.0,0.031494165857184384,-183.0934000000001,0.0,2.0
TDV RDI30_3,2019-07-30,-4.0,0.031496255745042265,-264.1808,0.0,2.0
TDV Control_1,2019-07-31,1.0,0.730093404344739,73.0927999999999,1.0,0.0
TDV Control_2,2019-07-31,1.0,0.7320465274824349,67.42399999999998,1.0,0.0
TDV RDI45_1,2019-07-31,-1.0,0.39271657033507684,91.02720000000001,0.0,1.0
TDV RDI45_2,2019-07-31,-1.0,0.2726003347599233,-68.69616000000002,0.0,2.0
TDV RDI30_2,2019-07-31,-5.0,0.015747082928592192,-192.88948000000005,0.0,2.0
TDV RDI30_3,2019-07-31,1.0,0.5157481278725211,-224.78816000000003,1.0,2.0
TDV Control_1,2019-08-01,2.0,0.8650467021723696,69.77040000000011,1.0,0.0
TDV Control_2,2019-08-01,2.0,0.8660232637412175,40.45440000000053,1.0,0.0
TDV RDI45_1,2019-08-01,-2.0,0.19635828516753842,-62.96047999999999,0.0,1.0
TDV RDI45_2,2019-08-01,-2.0,0.13630016737996165,-8.50200000000001,0.0,2.0
TDV RDI30_2,2019-08-01,-6.0,0.007873541464296096,-203.38527999999997,0.0,2.0
TDV RDI30_3,2019-08-01,-1.0,0.25787406393626056,-26.887039999999956,0.0,2.0
TDV Control_1,2019-08-02,-1.0,0.4325233510861848,56.480800000000045,0.0,1.0
TDV Control_2,2019-08-02,-1.0,0.43301163187060876,37.08320000000003,0.0,1.0
TDV RDI45_1,2019-08-02,1.0,0.5981791425837693,98.61280000000002,1.0,0.0
TDV RDI45_2,2019-08-02,1.0,0.5681500836899809,44.890559999999994,1.0,1.0
TDV RDI30_2,2019-08-02,1.0,0.503936770732148,-32.65359999999998,1.0,1.0
TDV RDI30_3,2019-08-02,1.0,0.6289370319681302,270.43359999999996,1.0,1.0
TDV Control_1,2019-08-03,-2.0,0.2162616755430924,-26.579200000000128,0.0,1.0
TDV Control_2,2019-08-03,-2.0,0.21650581593530438,-10.113599999999678,0.0,1.0
TDV RDI45_1,2019-08-03,-1.0,0.2990895712918846,-213.53464000000002,0.0,1.0
TDV RDI45_2,2019-08-03,-1.0,0.28407504184499044,-124.1292,0.0,2.0
TDV RDI30_2,2019-08-03,-1.0,0.251968385366074,-87.69824000000006,0.0,2.0
TDV RDI30_3,2019-08-03,-1.0,0.3144685159840651,-175.07840000000002,0.0,2.0
TDV Control_1,2019-08-04,1.0,0.6081308377715462,79.73759999999993,1.0,0.0
TDV Control_2,2019-08-04,1.0,0.6082529079676522,67.42399999999998,1.0,0.0
TDV RDI45_1,2019-08-04,-2.0,0.1495447856459423,-62.20192,0.0,1.0
TDV RDI45_2,2019-08-04,1.0,0.6420375209224952,3.740880000000004,1.0,2.0
TDV RDI30_2,2019-08-04,-2.0,0.125984192683037,-48.28067999999996,0.0,2.0
TDV RDI30_3,2019-08-04,-2.0,0.15723425799203256,-91.60352,0.0,2.0
TDV Control_1,2019-08-05,2.0,0.8040654188857731,36.546400000000176,1.0,0.0
TDV Control_2,2019-08-05,2.0,0.8041264539838261,30.340799999999945,1.0,0.0
TDV RDI45_1,2019-08-05,-3.0,0.07477239282297116,-62.960480000000004,0.0,2.0
TDV RDI45_2,2019-08-05,-1.0,0.3210187604612476,-50.67192,0.0,2.0
TDV RDI30_2,2019-08-05,-3.0,0.0629920963415185,-99.12699999999995,0.0,2.0
TDV RDI30_3,2019-08-05,-3.0,0.07861712899601628,-169.13824,0.0,2.0
TDV Control_1,2019-08-06,-1.0,0.40203270944288655,29.901600000000144,0.0,1.0
TDV Control_2,2019-08-06,-1.0,0.40206322699191305,10.113599999999678,0.0,1.0
TDV RDI45_1,2019-08-06,1.0,0.5373861964114856,186.98504000000003,1.0,0.0
TDV RDI45_2,2019-08-06,1.0,0.6605093802306238,98.28312,1.0,1.0
TDV RDI30_2,2019-08-06,-4.0,0.03149604817075925,-133.41328,0.0,2.0
TDV RDI30_3,2019-08-06,-4.0,0.03930856449800814,-193.52415999999994,0.0,2.0
TDV Control_1,2019-08-07,-2.0,0.20101635472144327,-16.61200000000008,0.0,1.0
TDV Control_2,2019-08-07,-2.0,0.20103161349595652,-6.742399999999179,0.0,1.0
TDV RDI45_1,2019-08-07,-1.0,0.2686930982057428,-248.4284,0.0,1.0
TDV RDI45_2,2019-08-07,-1.0,0.3302546901153119,-110.18592,0.0,2.0
TDV RDI30_2,2019-08-07,-5.0,0.015748024085379626,-183.79312000000004,0.0,2.0
TDV RDI30_3,2019-08-07,-5.0,0.01965428224900407,-275.1232,0.0,2.0
TDV Control_1,2019-08-08,1.0,0.6005081773607216,69.77039999999988,1.0,0.0
TDV Control_2,2019-08-08,1.0,0.6005158067479782,37.08320000000003,1.0,0.0
TDV RDI45_1,2019-08-08,-2.0,0.1343465491028714,-71.30464,0.0,2.0
TDV RDI45_2,2019-08-08,-2.0,0.16512734505765594,-9.862319999999997,0.0,2.0
TDV RDI30_2,2019-08-08,1.0,0.5078740120426898,-177.4956400000001,1.0,2.0
TDV RDI30_3,2019-08-08,1.0,0.509827141124502,-264.49343999999996,1.0,2.0
TDV Control_1,2019-08-09,-1.0,0.3002540886803608,-26.579200000000128,0.0,1.0
TDV Control_2,2019-08-09,-1.0,0.3002579033739891,-6.742399999999179,0.0,0.0
TDV RDI45_1,2019-08-09,1.0,0.5671732745514357,248.4284,1.0,1.0
TDV RDI45_2,2019-08-09,1.0,0.582563672528828,105.76487999999999,1.0,1.0
TDV RDI30_2,2019-08-09,2.0,0.7539370060213448,191.2568000000001,1.0,1.0
TDV RDI30_3,2019-08-09,2.0,0.754913570562251,335.77536,1.0,1.0
TDV Control_1,2019-08-10,1.0,0.6501270443401804,93.0272,1.0,0.0
TDV Control_2,2019-08-10,1.0,0.6501289516869946,70.79519999999957,1.0,0.0
TDV RDI45_1,2019-08-10,-1.0,0.28358663727571787,-188.88144000000003,0.0,1.0
TDV RDI45_2,2019-08-10,-1.0,0.291281836264414,-19.384559999999993,0.0,2.0
TDV RDI30_2,2019-08-10,-1.0,0.3769685030106724,152.30572000000006,0.0,2.0
TDV RDI30_3,2019-08-10,-1.0,0.3774567852811255,206.3424,0.0,2.0
TDV Control_1,2019-08-11,-1.0,0.3250635221700902,-19.93439999999964,0.0,1.0
TDV Control_2,2019-08-11,2.0,0.8250644758434973,10.113599999999678,1.0,0.0
TDV RDI45_1,2019-08-11,-2.0,0.14179331863785893,-119.09392,0.0,2.0
TDV RDI45_2,2019-08-11,-2.0,0.145640918132207,-105.76487999999999,0.0,2.0
TDV RDI30_2,2019-08-11,-2.0,0.1884842515053362,-69.50551999999993,0.0,2.0
TDV RDI30_3,2019-08-11,-2.0,0.18872839264056274,-87.22656,0.0,2.0
TDV Control_1,2019-08-12,-2.0,0.1625317610850451,-33.22400000000016,0.0,1.0
TDV Control_2,2019-08-12,-1.0,0.41253223792174865,-10.113599999999678,0.0,1.0
TDV RDI45_1,2019-08-12,-3.0,0.07089665931892947,-286.3564,0.0,2.0
TDV RDI45_2,2019-08-12,-3.0,0.0728204590661035,-259.48104,0.0,2.0
TDV RDI30_2,2019-08-12,-3.0,0.0942421257526681,-182.86015999999995,0.0,2.0
TDV RDI30_3,2019-08-12,-3.0,0.09436419632028137,-272.62208,0.0,2.0
TDV Control_1,2019-08-13,1.0,0.5812658805425226,66.44799999999987,1.0,0.0
TDV Control_2,2019-08-13,1.0,0.7062661189608743,74.16640000000007,1.0,0.0
TDV RDI45_1,2019-08-13,1.0,0.5354483296594648,173.71024000000003,1.0,0.0
TDV RDI45_2,2019-08-13,1.0,0.5364102295330517,-45.570719999999994,1.0,1.0
TDV RDI30_2,2019-08-13,1.0,0.5471210628763341,-170.73167999999987,1.0,2.0
TDV RDI30_3,2019-08-13,1.0,0.5471820981601407,-249.79935999999998,1.0,2.0
TDV Control_1,2019-08-14,-1.0,0.2906329402712613,-26.579200000000128,0.0,1.0
TDV Control_2,2019-08-14,-1.0,0.35313305948043716,-10.113600000000588,0.0,1.0
TDV RDI45_1,2019-08-14,-1.0,0.2677241648297324,-281.80504,0.0,1.0
TDV RDI45_2,2019-08-14,-1.0,0.26820511476652587,-155.75664,0.0,2.0
TDV RDI30_2,2019-08-14,-1.0,0.27356053143816705,-48.04744000000005,0.0,2.0
TDV RDI30_3,2019-08-14,-1.0,0.27359104908007037,-57.83840000000009,0.0,2.0
TDV Control_1,2019-08-15,1.0,0.6453164701356306,69.77039999999988,1.0,0.0
TDV Control_2,2019-08-15,1.0,0.6765665297402186,43.82560000000012,1.0,0.0
TDV RDI45_1,2019-08-15,1.0,0.6338620824148662,53.099199999999996,1.0,1.0
TDV RDI45_2,2019-08-15,1.0,0.6341025573832629,45.57072,1.0,1.0
TDV RDI30_2,2019-08-15,1.0,0.6367802657190835,40.35051999999996,1.0,2.0
TDV RDI30_3,2019-08-15,1.0,0.6367955245400352,86.91392000000008,1.0,2.0
TDV Control_1,2019-08-16,-1.0,0.3226582350678153,-36.54639999999972,0.0,1.0
TDV Control_2,2019-08-16,-1.0,0.3382832648701093,-40.45439999999962,0.0,1.0
TDV RDI45_1,2019-08-16,2.0,0.8169310412074331,255.25544000000002,1.0,0.0
TDV RDI45_2,2019-08-16,2.0,0.8170512786916315,63.25488000000001,1.0,1.0
TDV RDI30_2,2019-08-16,2.0,0.8183901328595418,171.66463999999996,1.0,1.0
TDV RDI30_3,2019-08-16,2.0,0.8183977622700176,335.46272,1.0,1.0
TDV Control_1,2019-08-17,-2.0,0.16132911753390766,-6.644800000000032,0.0,1.0
TDV Control_2,2019-08-17,-2.0,0.16914163243505465,-26.969600000000355,0.0,1.0
TDV RDI45_1,2019-08-17,-1.0,0.40846552060371655,-50.44424,0.0,1.0
TDV RDI45_2,2019-08-17,-1.0,0.40852563934581576,-30.94728,0.0,2.0
TDV RDI30_2,2019-08-17,-1.0,0.4091950664297709,76.26947999999993,0.0,2.0
TDV RDI30_3,2019-08-17,-1.0,0.4091988811350088,119.11583999999999,0.0,2.0
TDV Control_1,2019-08-18,-3.0,0.08066455876695383,-9.967200000000048,0.0,0.0
TDV Control_2,2019-08-18,-3.0,0.08457081621752732,-40.45440000000053,0.0,1.0
TDV RDI45_1,2019-08-18,-2.0,0.20423276030185827,-116.43896000000001,0.0,2.0
TDV RDI45_2,2019-08-18,-2.0,0.20426281967290788,-73.1172,0.0,2.0
TDV RDI30_2,2019-08-18,-2.0,0.20459753321488544,-58.77647999999999,0.0,2.0
TDV RDI30_3,2019-08-18,-2.0,0.2045994405675044,-93.79199999999997,0.0,2.0
TDV Control_1,2019-08-19,1.0,0.5403322793834769,73.0927999999999,1.0,0.0
TDV Control_2,2019-08-19,1.0,0.5422854081087637,10.113599999999678,1.0,0.0
TDV RDI45_1,2019-08-19,-3.0,0.10211638015092914,-155.88407999999998,0.0,2.0
TDV RDI45_2,2019-08-19,1.0,0.602131409836454,-51.69216,1.0,2.0
TDV RDI30_2,2019-08-19,-3.0,0.10229876660744272,-122.21776,0.0,2.0
TDV RDI30_3,2019-08-19,-3.0,0.1022997202837522,-247.92352,0.0,2.0
TDV Control_1,2019-08-20,-1.0,0.27016613969173847,-23.256800000000112,0.0,1.0
TDV Control_2,2019-08-20,2.0,0.7711427040543819,23.598399999999856,1.0,0.0
TDV RDI45_1,2019-08-20,1.0,0.5510581900754645,177.12376,1.0,0.0
TDV RDI45_2,2019-08-20,2.0,0.801065704918227,118.00776,1.0,1.0
TDV RDI30_2,2019-08-20,-4.0,0.05114938330372136,-164.66743999999994,0.0,2.0
TDV RDI30_3,2019-08-20,-4.0,0.0511498601418761,-317.95488000000006,0.0,2.0
TDV Control_1,2019-08-21,1.0,0.6350830698458693,46.513600000000224,1.0,0.0
TDV Control_2,2019-08-21,3.0,0.885571352027191,84.27999999999975,1.0,0.0
TDV RDI45_1,2019-08-21,-1.0,0.27552909503773226,-242.35992,0.0,1.0
TDV RDI45_2,2019-08-21,-1.0,0.4005328524591135,5.441279999999999,0.0,2.0
TDV RDI30_2,2019-08-21,-5.0,0.02557469165186068,-184.25959999999986,0.0,2.0
TDV RDI30_3,2019-08-21,-5.0,0.02557493007093805,-346.71776000000006,0.0,2.0
TDV Control_1,2019-08-22,2.0,0.8175415349229347,59.80319999999983,1.0,0.0
TDV Control_2,2019-08-22,4.0,0.9427856760135955,91.02239999999983,1.0,0.0
TDV RDI45_1,2019-08-22,-2.0,0.13776454751886613,-63.33976,0.0,2.0
TDV RDI45_2,2019-08-22,-2.0,0.20026642622955676,-37.74887999999999,0.0,2.0
TDV RDI30_2,2019-08-22,1.0,0.5127873458259303,-183.55988000000002,1.0,2.0
TDV RDI30_3,2019-08-22,-6.0,0.012787465035469025,-355.47168000000005,0.0,2.0
TDV Control_1,2019-08-23,3.0,0.9087707674614673,69.77039999999988,1.0,0.0
TDV Control_2,2019-08-23,5.0,0.9713928380067978,134.84799999999996,1.0,0.0
TDV RDI45_1,2019-08-23,1.0,0.568882273759433,223.39592,1.0,1.0
TDV RDI45_2,2019-08-23,1.0,0.6001332131147784,26.86632,1.0,1.0
TDV RDI30_2,2019-08-23,2.0,0.7563936729129652,151.606,1.0,1.0
TDV RDI30_3,2019-08-23,1.0,0.5063937325177346,-31.264000000000067,1.0,1.0
TDV Control_1,2019-08-24,4.0,0.9543853837307337,189.3768,1.0,0.0
TDV Control_2,2019-08-24,6.0,0.9856964190033989,192.15840000000026,1.0,0.0
TDV RDI45_1,2019-08-24,-1.0,0.2844411368797165,-195.32920000000001,0.0,2.0
TDV RDI45_2,2019-08-24,-1.0,0.3000666065573892,-55.43304,0.0,2.0
TDV RDI30_2,2019-08-24,-1.0,0.3781968364564826,100.75968000000012,0.0,2.0
TDV RDI30_3,2019-08-24,-1.0,0.2531968662588673,-94.1046399999999,0.0,2.0
TDV Control_1,2019-08-25,5.0,0.9771926918653668,259.1471999999999,1.0,0.0
TDV Control_2,2019-08-25,7.0,0.9928482095016995,198.90080000000034,1.0,0.0
TDV RDI45_1,2019-08-25,-2.0,0.14222056843985825,-162.33184,0.0,2.0
TDV RDI45_2,2019-08-25,-2.0,0.1500333032786946,-87.74064,0.0,2.0
TDV RDI30_2,2019-08-25,-2.0,0.1890984182282413,-61.575360000000046,0.0,2.0
TDV RDI30_3,2019-08-25,-2.0,0.12659843312943364,-141.93856000000005,0.0,2.0
TDV Control_1,2019-08-26,6.0,0.9885963459326834,292.37120000000004,1.0,0.0
TDV Control_2,2019-08-26,-1.0,0.49642410475084975,195.52959999999985,0.0,0.0
TDV RDI45_1,2019-08-26,-3.0,0.07111028421992913,-202.9148,0.0,2.0
TDV RDI45_2,2019-08-26,-3.0,0.0750166516393473,-136.37207999999998,0.0,2.0
TDV RDI30_2,2019-08-26,-3.0,0.09454920911412065,-116.3867600000001,0.0,2.0
TDV RDI30_3,2019-08-26,-3.0,0.06329921656471682,-260.74176,0.0,2.0
TDV Control_1,2019-08-27,7.0,0.9942981729663417,385.39840000000004,1.0,0.0
TDV Control_2,2019-08-27,1.0,0.7482120523754249,47.19680000000062,1.0,0.0
TDV RDI45_1,2019-08-27,1.0,0.5355551421099646,331.49072,1.0,1.0
TDV RDI45_2,2019-08-27,1.0,0.5375083258196737,42.16992,1.0,1.0
TDV RDI30_2,2019-08-27,-4.0,0.047274604557060326,-132.71356000000014,0.0,2.0
TDV RDI30_3,2019-08-27,-4.0,0.03164960828235841,-303.88608,0.0,2.0
TDV Control_1,2019-08-28,8.0,0.9971490864831709,445.20159999999987,1.0,0.0
TDV Control_2,2019-08-28,2.0,0.8741060261877125,53.9391999999998,1.0,0.0
TDV RDI45_1,2019-08-28,2.0,0.7677775710549823,254.11759999999998,1.0,0.0
TDV RDI45_2,2019-08-28,2.0,0.7687541629098369,123.78912,1.0,1.0
TDV RDI30_2,2019-08-28,-5.0,0.023637302278530163,-136.21216000000004,0.0,2.0
TDV RDI30_3,2019-08-28,-5.0,0.015824804141179205,-304.82400000000007,0.0,2.0
TDV Control_1,2019-08-29,-1.0,0.49857454324158546,335.5623999999998,0.0,1.0
TDV Control_2,2019-08-29,-1.0,0.43705301309385625,-50.56800000000021,0.0,1.0
TDV RDI45_1,2019-08-29,3.0,0.8838887855274912,337.5592,1.0,0.0
TDV RDI45_2,2019-08-29,3.0,0.8843770814549184,172.76064,1.0,1.0
TDV RDI30_2,2019-08-29,-6.0,0.011818651139265082,-158.83644000000004,0.0,2.0
TDV RDI30_3,2019-08-29,1.0,0.5079124020705896,-269.8083200000001,1.0,2.0
TDV Control_1,2019-08-30,1.0,0.7492872716207928,102.99440000000004,1.0,0.0
TDV Control_2,2019-08-30,1.0,0.7185265065469282,40.45439999999962,1.0,0.0
TDV RDI45_1,2019-08-30,4.0,0.9419443927637456,443.75759999999997,1.0,0.0
TDV RDI45_2,2019-08-30,4.0,0.9421885407274593,290.08824000000004,1.0,0.0
TDV RDI30_2,2019-08-30,1.0,0.5059093255696325,38.25135999999998,1.0,1.0
TDV RDI30_3,2019-08-30,2.0,0.7539562010352948,382.35872000000006,1.0,1.0
TDV Control_1,2019-08-31,2.0,0.8746436358103964,46.513600000000224,1.0,0.0
TDV Control_2,2019-08-31,2.0,0.8592632532734641,23.598399999999856,1.0,0.0
TDV RDI45_1,2019-08-31,5.0,0.9709721963818728,523.4064000000001,1.0,0.0
TDV RDI45_2,2019-08-31,5.0,0.9710942703637296,438.36312000000004,1.0,0.0
TDV RDI30_2,2019-08-31,-1.0,0.25295466278481626,-44.78207999999995,0.0,2.0
TDV RDI30_3,2019-08-31,-1.0,0.3769781005176474,253.55104000000006,0.0,2.0
TDV Control_1,2019-09-01,3.0,0.9373218179051982,122.92880000000014,1.0,0.0
TDV Control_2,2019-09-01,3.0,0.929631626636732,64.05280000000039,1.0,0.0
TDV RDI45_1,2019-09-01,6.0,0.9854860981909364,591.6768,1.0,0.0
TDV RDI45_2,2019-09-01,6.0,0.9855471351818648,570.99432,1.0,0.0
TDV RDI30_2,2019-09-01,-2.0,0.12647733139240813,-59.24296000000004,0.0,2.0
TDV RDI30_3,2019-09-01,-2.0,0.1884890502588237,-137.87424,0.0,2.0
TDV Control_1,2019-09-02,-1.0,0.4686609089525991,109.63920000000007,0.0,1.0
TDV Control_2,2019-09-02,-1.0,0.464815813318366,47.19680000000062,0.0,1.0
TDV RDI45_1,2019-09-02,-1.0,0.4927430490954682,580.2983999999999,0.0,1.0
TDV RDI45_2,2019-09-02,7.0,0.9927735675909324,639.01032,1.0,0.0
TDV RDI30_2,2019-09-02,-3.0,0.06323866569620407,-92.82952,0.0,2.0
TDV RDI30_3,2019-09-02,-3.0,0.09424452512941185,-191.02304000000004,0.0,2.0
TDV Control_1,2019-09-03,1.0,0.7343304544762995,23.256800000000112,1.0,0.0
TDV Control_2,2019-09-03,-2.0,0.232407906659183,0.0,0.0,0.0
TDV RDI45_1,2019-09-03,1.0,0.746371524547734,26.549600000000055,1.0,0.0
TDV RDI45_2,2019-09-03,8.0,0.9963867837954662,696.82392,1.0,0.0
TDV RDI30_2,2019-09-03,1.0,0.531619332848102,89.5641599999999,1.0,1.0
TDV RDI30_3,2019-09-03,1.0,0.547122262564706,158.50847999999996,1.0,1.0
TDV Control_1,2019-09-04,-1.0,0.36716522723814976,-6.644800000000032,0.0,1.0
TDV Control_2,2019-09-04,-3.0,0.1162039533295915,-37.08320000000003,0.0,1.0
TDV RDI45_1,2019-09-04,-1.0,0.373185762273867,0.0,0.0,0.0
TDV RDI45_2,2019-09-04,9.0,0.998193391897733,744.43512,1.0,0.0
TDV RDI30_2,2019-09-04,-1.0,0.265809666424051,-97.49432000000002,0.0,2.0
TDV RDI30_3,2019-09-04,-1.0,0.273561131282353,-174.76576,0.0,2.0
TDV Control_1,2019-09-05,1.0,0.6835826136190749,129.57359999999971,1.0,0.0
TDV Control_2,2019-09-05,1.0,0.5581019766647958,67.42399999999998,1.0,0.0
TDV RDI45_1,2019-09-05,1.0,0.6865928811369335,91.0272,1.0,0.0
TDV RDI45_2,2019-09-05,10.0,0.9990966959488665,870.26472,1.0,0.0
TDV RDI30_2,2019-09-05,-2.0,0.1329048332120255,-23.32399999999984,0.0,2.0
TDV RDI30_3,2019-09-05,-2.0,0.1367805656411765,-46.58335999999997,0.0,2.0
TDV Control_1,2019-09-06,-1.0,0.34179130680953745,0.0,0.0,1.0
TDV Control_2,2019-09-06,-1.0,0.2790509883323979,-16.856000000000677,0.0,1.0
TDV RDI45_1,2019-09-06,-1.0,0.34329644056846675,0.0,0.0,0.0
TDV RDI45_2,2019-09-06,11.0,0.9995483479744333,900.87192,1.0,0.0
TDV RDI30_2,2019-09-06,1.0,0.5664524166060128,147.40768000000003,1.0,1.0
TDV RDI30_3,2019-09-06,1.0,0.5683902828205882,285.75296000000003,1.0,1.0
TDV Control_1,2019-09-07,1.0,0.6708956534047688,36.546400000000176,1.0,0.0
TDV Control_2,2019-09-07,1.0,0.639525494166199,43.82560000000012,1.0,0.0
TDV RDI45_1,2019-09-07,1.0,0.6716482202842333,41.72079999999994,1.0,0.0
TDV RDI45_2,2019-09-07,12.0,0.9997741739872166,972.28872,1.0,0.0
TDV RDI30_2,2019-09-07,2.0,0.7832262083030064,12.361719999999991,1.0,1.0
TDV RDI30_3,2019-09-07,2.0,0.7841951414102941,76.28415999999999,1.0,1.0
TDV Control_1,2019-09-08,-1.0,0.3354478267023844,0.0,0.0,1.0
TDV Control_2,2019-09-08,-1.0,0.3197627470830995,-87.65120000000024,0.0,1.0
TDV RDI45_1,2019-09-08,-1.0,0.33582411014211666,-34.13519999999994,0.0,1.0
TDV RDI45_2,2019-09-08,-1.0,0.4998870869936083,911.0743200000001,0.0,1.0
TDV RDI30_2,2019-09-08,-1.0,0.3916131041515032,-103.79179999999997,0.0,2.0
TDV RDI30_3,2019-09-08,-1.0,0.39209757070514706,-73.47039999999998,0.0,2.0
TDV Control_1,2019-09-09,1.0,0.6677239133511922,126.25120000000015,1.0,0.0
TDV Control_2,2019-09-09,1.0,0.6598813735415497,101.13600000000042,1.0,0.0
TDV RDI45_1,2019-09-09,1.0,0.6679120550710583,72.06320000000005,1.0,0.0
TDV RDI45_2,2019-09-09,1.0,0.7499435434968041,108.82560000000001,1.0,0.0
TDV RDI30_2,2019-09-09,-2.0,0.1958065520757516,-29.62148000000002,0.0,2.0
TDV RDI30_3,2019-09-09,-2.0,0.19604878535257353,-48.45920000000001,0.0,2.0
TDV Control_1,2019-09-10,2.0,0.833861956675596,33.223999999999705,1.0,0.0
TDV Control_2,2019-09-10,2.0,0.8299406867707748,3.3711999999995896,1.0,0.0
TDV RDI45_1,2019-09-10,-1.0,0.33395602753552917,-15.171199999999999,0.0,1.0
TDV RDI45_2,2019-09-10,-1.0,0.37497177174840207,-13.603200000000015,0.0,1.0
TDV RDI30_2,2019-09-10,1.0,0.5979032760378757,88.63120000000004,1.0,1.0
TDV RDI30_3,2019-09-10,1.0,0.5980243926762867,233.54207999999997,1.0,1.0
TDV Control_1,2019-09-11,-1.0,0.416930978337798,3.322400000000016,0.0,1.0
TDV Control_2,2019-09-11,-1.0,0.4149703433853874,-16.855999999999767,0.0,1.0
TDV RDI45_1,2019-09-11,-2.0,0.16697801376776458,-15.171200000000113,0.0,1.0
TDV RDI45_2,2019-09-11,-2.0,0.18748588587420104,-13.603200000000015,0.0,1.0
TDV RDI30_2,2019-09-11,-1.0,0.29895163801893787,-119.18564000000015,0.0,2.0
TDV RDI30_3,2019-09-11,-1.0,0.29901219633814335,-311.38944000000004,0.0,2.0
TDV Control_1,2019-09-12,1.0,0.7084654891688991,9.967200000000048,1.0,0.0
TDV Control_2,2019-09-12,-2.0,0.2074851716926937,-16.856000000000677,0.0,1.0
TDV RDI45_1,2019-09-12,-3.0,0.08348900688388229,-37.92800000000011,0.0,1.0
TDV RDI45_2,2019-09-12,-3.0,0.09374294293710052,-13.603200000000015,0.0,1.0
TDV RDI30_2,2019-09-12,-2.0,0.14947581900946894,-73.00411999999983,0.0,2.0
TDV RDI30_3,2019-09-12,-2.0,0.14950609816907168,-129.12032,0.0,2.0
TDV Control_1,2019-09-13,2.0,0.8542327445844495,43.19119999999975,1.0,0.0
TDV Control_2,2019-09-13,1.0,0.6037425858463469,6.742400000000089,1.0,0.0
TDV RDI45_1,2019-09-13,-4.0,0.041744503441941146,-49.30640000000005,0.0,1.0
TDV RDI45_2,2019-09-13,-4.0,0.04687147146855026,-13.603200000000015,0.0,1.0
TDV RDI30_2,2019-09-13,1.0,0.5747379095047345,49.91336000000001,1.0,1.0
TDV RDI30_3,2019-09-13,1.0,0.5747530490845358,161.63488,1.0,1.0
TDV Control_1,2019-09-14,3.0,0.9271163722922248,109.63919999999962,1.0,0.0
TDV Control_2,2019-09-14,2.0,0.8018712929231735,192.15839999999935,1.0,0.0
TDV RDI45_1,2019-09-14,1.0,0.5208722517209706,68.27039999999988,1.0,0.0
TDV RDI45_2,2019-09-14,1.0,0.5234357357342752,142.83360000000005,1.0,0.0
TDV RDI30_2,2019-09-14,2.0,0.7873689547523672,167.93280000000004,1.0,1.0
TDV RDI30_3,2019-09-14,2.0,0.7873765245422679,296.69536,1.0,1.0
TDV Control_1,2019-09-15,4.0,0.9635581861461124,302.33839999999964,1.0,0.0
TDV Control_2,2019-09-15,3.0,0.9009356464615867,380.9456,1.0,0.0
TDV RDI45_1,2019-09-15,2.0,0.7604361258604853,128.9552000000001,1.0,0.0
TDV RDI45_2,2019-09-15,2.0,0.7617178678671376,115.6271999999999,1.0,0.0
TDV RDI30_2,2019-09-15,3.0,0.8936844773761836,582.8667600000001,1.0,1.0
TDV RDI30_3,2019-09-15,3.0,0.893688262271134,915.7225599999999,1.0,0.0
TDV Control_1,2019-09-16,5.0,0.9817790930730562,338.8847999999998,1.0,0.0
TDV Control_2,2019-09-16,4.0,0.9504678232307934,411.28639999999996,1.0,0.0
TDV RDI45_1,2019-09-16,-1.0,0.38021806293024263,121.36959999999999,0.0,0.0
TDV RDI45_2,2019-09-16,-1.0,0.3808589339335688,98.6232,0.0,1.0
TDV RDI30_2,2019-09-16,4.0,0.9468422386880918,748.3116667000002,1.0,0.0
TDV RDI30_3,2019-09-16,4.0,0.946844131135567,1049.9493333,1.0,0.0
TDV Control_1,2019-09-17,6.0,0.9908895465365282,395.36559999999963,1.0,0.0
TDV Control_2,2019-09-17,5.0,0.9752339116153967,451.7407999999996,1.0,0.0
TDV RDI45_1,2019-09-17,1.0,0.6901090314651213,3.792799999999943,1.0,1.0
TDV RDI45_2,2019-09-17,-2.0,0.1904294669667844,-10.202400000000125,0.0,1.0
TDV RDI30_2,2019-09-17,5.0,0.9734211193440458,1021.35796,1.0,0.0
TDV RDI30_3,2019-09-17,5.0,0.9734220655677834,1340.91296,1.0,0.0
TDV Control_1,2019-09-18,7.0,0.9954447732682641,481.7479999999996,1.0,0.0
TDV Control_2,2019-09-18,6.0,0.9876169558076984,532.6495999999997,1.0,0.0
TDV RDI45_1,2019-09-18,-1.0,0.34505451573256063,-18.963999999999942,0.0,1.0
TDV RDI45_2,2019-09-18,-3.0,0.0952147334833922,-37.408800000000156,0.0,1.0
TDV RDI30_2,2019-09-18,6.0,0.9867105596720229,1042.34956,1.0,0.0
TDV RDI30_3,2019-09-18,-1.0,0.4867110327838917,1309.64896,0.0,1.0
TDV Control_1,2019-09-19,8.0,0.997722386634132,551.5183999999999,1.0,0.0
TDV Control_2,2019-09-19,7.0,0.9938084779038492,583.2176,1.0,0.0
TDV RDI45_1,2019-09-19,-2.0,0.17252725786628031,-49.30639999999994,0.0,1.0
TDV RDI45_2,2019-09-19,-4.0,0.0476073667416961,-81.61920000000009,0.0,1.0
TDV RDI30_2,2019-09-19,-1.0,0.49335527983601146,993.3691600000001,0.0,1.0
TDV RDI30_3,2019-09-19,-2.0,0.24335551639194586,-81.28640000000007,0.0,1.0
TDV Control_1,2019-09-20,9.0,0.998861193317066,598.0319999999997,1.0,0.0
TDV Control_2,2019-09-20,8.0,0.9969042389519246,610.1871999999994,1.0,0.0
TDV RDI45_1,2019-09-20,1.0,0.5862636289331402,60.684799999999996,1.0,0.0
TDV RDI45_2,2019-09-20,1.0,0.523803683370848,-30.607200000000148,1.0,0.0
TDV RDI30_2,2019-09-20,1.0,0.7466776399180057,104.958,1.0,0.0
TDV RDI30_3,2019-09-20,1.0,0.6216777581959729,12.505599999999959,1.0,0.0
TDV Control_1,2019-09-21,10.0,0.9994305966585331,714.3159999999998,1.0,0.0
TDV Control_2,2019-09-21,9.0,0.9984521194759624,694.4672,1.0,0.0
TDV RDI45_1,2019-09-21,-1.0,0.2931318144665701,-18.963999999999942,0.0,1.0
TDV RDI45_2,2019-09-21,-1.0,0.261901841685424,-10.202399999999898,0.0,1.0
TDV RDI30_2,2019-09-21,-1.0,0.37333881995900287,-30.321199999999997,0.0,1.0
TDV RDI30_3,2019-09-21,-1.0,0.31083887909798646,-6.252799999999979,0.0,1.0
TDV Control_1,2019-09-22,11.0,0.9997152983292665,810.6655999999998,1.0,0.0
TDV Control_2,2019-09-22,10.0,0.9992260597379812,768.4088529999999,1.0,0.0
TDV RDI45_1,2019-09-22,-2.0,0.14656590723328505,-53.60490699999991,0.0,1.0
TDV RDI45_2,2019-09-22,-2.0,0.130950920842712,-31.06063999999992,0.0,1.0
TDV RDI30_2,2019-09-22,-2.0,0.18666940997950143,-81.7894933,0.0,1.0
TDV RDI30_3,2019-09-22,-2.0,0.15541943954899323,-56.48362670000006,0.0,1.0
TDV Control_1,2019-09-23,-1.0,0.49985764916463327,800.6983999999998,0.0,1.0
TDV Control_2,2019-09-23,11.0,0.9996130298689906,795.6031999999996,1.0,0.0
TDV RDI45_1,2019-09-23,-3.0,0.07328295361664253,-167.13605299999995,0.0,1.0
TDV RDI45_2,2019-09-23,-3.0,0.065475460421356,-102.02400000000011,0.0,1.0
TDV RDI30_2,2019-09-23,-3.0,0.09333470498975072,-233.24000000000004,0.0,1.0
TDV RDI30_3,2019-09-23,-3.0,0.07770971977449662,-275.1232,0.0,1.0
TDV Control_1,2019-09-24,-2.0,0.24992882458231663,-6.644800000000032,0.0,1.0
TDV Control_2,2019-09-24,-1.0,0.4998065149344953,785.4895999999999,0.0,1.0
TDV RDI45_1,2019-09-24,1.0,0.5366414768083213,0.0,1.0,0.0
TDV RDI45_2,2019-09-24,1.0,0.532737730210678,-64.61519999999996,1.0,0.0
TDV RDI30_2,2019-09-24,-4.0,0.04666735249487536,-380.1812,0.0,1.0
TDV RDI30_3,2019-09-24,-4.0,0.03885485988724831,-459.5808,0.0,1.0
TDV Control_1,2019-09-25,-3.0,0.12496441229115832,-23.256800000000112,0.0,1.0
TDV Control_2,2019-09-25,-2.0,0.24990325746724765,-13.484800000000178,0.0,1.0
TDV RDI45_1,2019-09-25,-1.0,0.26832073840416065,-178.26160000000004,0.0,1.0
TDV RDI45_2,2019-09-25,-1.0,0.266368865105339,-176.84160000000008,0.0,1.0
TDV RDI30_2,2019-09-25,-5.0,0.02333367624743768,-536.2965067,0.0,1.0
TDV RDI30_3,2019-09-25,-5.0,0.019427429943624154,-643.8299733,0.0,1.0
TDV Control_1,2019-09-26,1.0,0.5624822061455792,63.125600000000304,1.0,0.0
TDV Control_2,2019-09-26,1.0,0.6249516287336239,64.05279999999948,1.0,0.0
TDV RDI45_1,2019-09-26,-2.0,0.13416036920208033,-113.78399999999999,0.0,1.0
TDV RDI45_2,2019-09-26,-2.0,0.1331844325526695,-78.21839999999997,0.0,1.0
TDV RDI30_2,2019-09-26,-6.0,0.01166683812371884,-634.4128,0.0,1.0
TDV RDI30_3,2019-09-26,-6.0,0.009713714971812077,-819.1168,0.0,1.0
TDV Control_1,2019-09-27,2.0,0.7812411030727896,13.289600000000064,1.0,0.0
TDV Control_2,2019-09-27,-1.0,0.31247581436681193,-23.598399999999856,0.0,1.0
TDV RDI45_1,2019-09-27,1.0,0.5670801846010401,11.378400000000056,1.0,0.0
TDV RDI45_2,2019-09-27,1.0,0.5665922162763347,-44.210399999999936,1.0,0.0
TDV RDI30_2,2019-09-27,1.0,0.5058334190618594,-541.1168,1.0,1.0
TDV RDI30_3,2019-09-27,1.0,0.504856857485906,-512.7296,1.0,0.0
TDV Control_1,2019-09-28,3.0,0.8906205515363947,29.901600000000144,1.0,0.0
TDV Control_2,2019-09-28,-2.0,0.15623790718340597,-6.742400000000089,0.0,1.0
TDV RDI45_1,2019-09-28,-1.0,0.2835400923005201,-201.01840000000004,0.0,1.0
TDV RDI45_2,2019-09-28,-1.0,0.28329610813816736,-146.23440000000005,0.0,1.0
TDV RDI30_2,2019-09-28,-1.0,0.2529167095309297,-142.27639999999997,0.0,1.0
TDV RDI30_3,2019-09-28,-1.0,0.252428428742953,-297.00800000000004,0.0,1.0
TDV Control_1,2019-09-29,4.0,0.9453102757681974,56.48079999999936,1.0,0.0
TDV Control_2,2019-09-29,1.0,0.578118953591703,-3.3711999999995896,1.0,0.0
TDV RDI45_1,2019-09-29,-2.0,0.14177004615026004,-121.36959999999999,0.0,1.0
TDV RDI45_2,2019-09-29,-2.0,0.14164805406908368,-108.82560000000001,0.0,1.0
TDV RDI30_2,2019-09-29,-2.0,0.12645835476546485,-107.29039999999998,0.0,2.0
TDV RDI30_3,2019-09-29,-2.0,0.1262142143714765,-165.6992,0.0,1.0
TDV Control_1,2019-09-30,5.0,0.9726551378840986,132.67450699999972,1.0,0.0
TDV Control_2,2019-09-30,2.0,0.7890594767958514,40.229652999999416,1.0,0.0
TDV RDI45_1,2019-09-30,-3.0,0.07088502307513002,-197.47845329999996,0.0,1.0
TDV RDI45_2,2019-09-30,-3.0,0.07082402703454184,-146.46112000000005,0.0,1.0
TDV RDI30_2,2019-09-30,-3.0,0.06322917738273243,-206.61954130000004,0.0,2.0
TDV RDI30_3,2019-09-30,-3.0,0.06310710718573825,-365.78880000000004,0.0,1.0
TDV Control_1,2019-10-01,-1.0,0.4863275689420493,116.28399999999965,0.0,1.0
TDV Control_2,2019-10-01,-1.0,0.3945297383979257,-13.484800000000178,0.0,1.0
TDV RDI45_1,2019-10-01,1.0,0.5354425115375651,22.7568,1.0,0.0
TDV RDI45_2,2019-10-01,1.0,0.535412013517271,-61.214399999999955,1.0,0.0
TDV RDI30_2,2019-10-01,-4.0,0.03161458869136621,-291.54999999999995,0.0,2.0
TDV RDI30_3,2019-10-01,-4.0,0.03155355359286913,-518.9824,0.0,1.0
TDV Control_1,2019-10-02,1.0,0.7431637844710246,102.9944000000005,1.0,0.0
TDV Control_2,2019-10-02,1.0,0.6972648691989629,91.02239999999983,1.0,0.0
TDV RDI45_1,2019-10-02,-1.0,0.26772125576878253,-208.60399999999993,0.0,1.0
TDV RDI45_2,2019-10-02,-1.0,0.2677060067586355,-98.6232,0.0,1.0
TDV RDI30_2,2019-10-02,-5.0,0.015807294345683107,-324.43683999999996,0.0,2.0
TDV RDI30_3,2019-10-02,-5.0,0.015776776796434563,-590.57696,0.0,2.0
TDV Control_1,2019-10-03,2.0,0.8715818922355123,36.54639999999927,1.0,0.0
TDV Control_2,2019-10-03,2.0,0.8486324345994815,30.340799999999945,1.0,0.0
TDV RDI45_1,2019-10-03,-2.0,0.13386062788439126,-144.37925330000007,0.0,1.0
TDV RDI45_2,2019-10-03,-2.0,0.13385300337931774,-78.21840000000009,0.0,1.0
TDV RDI30_2,2019-10-03,-6.0,0.007903647172841553,-354.5248,0.0,2.0
TDV RDI30_3,2019-10-03,-6.0,0.007888388398217282,-670.92544,0.0,2.0
TDV Control_1,2019-10-04,-1.0,0.43579094611775615,29.901599999999235,0.0,0.0
TDV Control_2,2019-10-04,-1.0,0.42431621729974073,16.855999999999767,0.0,1.0
TDV RDI45_1,2019-10-04,1.0,0.5669303139421956,83.4416,1.0,0.0
TDV RDI45_2,2019-10-04,1.0,0.5669265016896589,-6.801600000000008,1.0,0.0
TDV RDI30_2,2019-10-04,1.0,0.5039518235864208,-248.16736000000003,1.0,1.0
TDV RDI30_3,2019-10-04,1.0,0.5039441941991086,-459.89344000000006,1.0,1.0
TDV Control_1,2019-10-05,1.0,0.717895473058878,73.09280000000035,1.0,0.0
TDV Control_2,2019-10-05,1.0,0.7121581086498704,50.56800000000021,1.0,0.0
TDV RDI45_1,2019-10-05,-1.0,0.2834651569710978,-227.5680000000001,0.0,1.0
TDV RDI45_2,2019-10-05,-1.0,0.28346325084482943,-122.42880000000002,0.0,1.0
TDV RDI30_2,2019-10-05,-1.0,0.2519759117932104,-34.98599999999999,0.0,2.0
TDV RDI30_3,2019-10-05,-1.0,0.2519720970995543,-134.12255999999996,0.0,2.0
TDV Control_1,2019-10-06,2.0,0.858947736529439,83.0600000000004,1.0,0.0
TDV Control_2,2019-10-06,2.0,0.8560790543249353,53.9391999999998,1.0,0.0
TDV RDI45_1,2019-10-06,-2.0,0.1417325784855489,-174.46879999999993,0.0,1.0
TDV RDI45_2,2019-10-06,-2.0,0.14173162542241471,-98.6232,0.0,1.0
TDV RDI30_2,2019-10-06,-2.0,0.1259879558966052,-56.210840000000076,0.0,2.0
TDV RDI30_3,2019-10-06,-2.0,0.12598604854977716,-95.35519999999997,0.0,2.0
TDV Control_1,2019-10-07,3.0,0.9294738682647194,99.67199999999957,1.0,0.0
TDV Control_2,2019-10-07,3.0,0.9280395271624676,60.68159999999989,1.0,0.0
TDV RDI45_1,2019-10-07,-3.0,0.07086628924277445,-257.9103999999999,0.0,1.0
TDV RDI45_2,2019-10-07,-3.0,0.07086581271120736,-213.57024,0.0,2.0
TDV RDI30_2,2019-10-07,-3.0,0.0629939779483026,-103.09208000000001,0.0,2.0
TDV RDI30_3,2019-10-07,-3.0,0.06299302427488858,-135.68575999999996,0.0,2.0
TDV Control_1,2019-10-08,-1.0,0.4647369341323597,59.80320000000029,0.0,1.0
TDV Control_2,2019-10-08,-1.0,0.4640197635812338,3.371200000000499,0.0,1.0
TDV RDI45_1,2019-10-08,1.0,0.5354331446213872,109.99120000000005,1.0,0.0
TDV RDI45_2,2019-10-08,1.0,0.5354329063556037,-139.4328,1.0,1.0
TDV RDI30_2,2019-10-08,-4.0,0.0314969889741513,-170.0319599999999,0.0,2.0
TDV RDI30_3,2019-10-08,-4.0,0.03149651213744429,-217.91008,0.0,2.0
TDV Control_1,2019-10-09,1.0,0.7323684670661799,129.57359999999971,1.0,0.0
TDV Control_2,2019-10-09,1.0,0.7320098817906169,117.99199999999928,1.0,0.0
TDV RDI45_1,2019-10-09,-1.0,0.2677165723106936,-235.15359999999998,0.0,1.0
TDV RDI45_2,2019-10-09,-1.0,0.26771645317780185,-40.809600000000046,0.0,2.0
TDV RDI30_2,2019-10-09,-5.0,0.01574849448707565,-186.35875999999996,0.0,2.0
TDV RDI30_3,2019-10-09,-5.0,0.015748256068722145,-238.23167999999998,0.0,2.0
TDV Control_1,2019-10-10,2.0,0.8661842335330899,59.80320000000029,1.0,0.0
TDV Control_2,2019-10-10,2.0,0.8660049408953084,57.3104000000003,1.0,0.0
TDV RDI45_1,2019-10-10,-2.0,0.1338582861553468,-117.57679999999999,0.0,1.0
TDV RDI45_2,2019-10-10,-2.0,0.13385822658890092,-69.37631999999999,0.0,2.0
TDV RDI30_2,2019-10-10,-6.0,0.007874247243537824,-219.01236000000006,0.0,2.0
TDV RDI30_3,2019-10-10,-6.0,0.007874128034361072,-261.36704,0.0,2.0
TDV Control_1,2019-10-11,3.0,0.9330921167665449,79.73760000000038,1.0,0.0
TDV Control_2,2019-10-11,-1.0,0.4330024704476542,47.19680000000062,0.0,1.0
TDV RDI45_1,2019-10-11,1.0,0.5669291430776734,144.1264,1.0,0.0
TDV RDI45_2,2019-10-11,1.0,0.5669291132944505,-32.64767999999998,1.0,2.0
TDV RDI30_2,2019-10-11,1.0,0.5039371236217689,-107.52364,1.0,1.0
TDV RDI30_3,2019-10-11,1.0,0.5039370640171805,-5.3148800000000165,1.0,1.0
TDV Control_1,2019-10-12,4.0,0.9665460583832725,166.1199999999999,1.0,0.0
TDV Control_2,2019-10-12,1.0,0.7165012352238271,70.79519999999957,1.0,0.0
TDV RDI45_1,2019-10-12,-1.0,0.2834645715388367,-318.5952,0.0,1.0
TDV RDI45_2,2019-10-12,-1.0,0.28346455664722525,-93.18191999999999,0.0,2.0
TDV RDI30_2,2019-10-12,-1.0,0.25196856181088445,-34.75276000000008,0.0,2.0
TDV RDI30_3,2019-10-12,-1.0,0.25196853200859026,-124.74335999999994,0.0,2.0
TDV Control_1,2019-10-13,5.0,0.9832730291916363,235.89040000000023,1.0,0.0
TDV Control_2,2019-10-13,2.0,0.8582506176119136,30.340799999999945,1.0,0.0
TDV RDI45_1,2019-10-13,-2.0,0.14173228576941835,-8.09130669999999,0.0,1.0
TDV RDI45_2,2019-10-13,-2.0,0.14173227832361263,-14.306032000000016,0.0,2.0
TDV RDI30_2,2019-10-13,-2.0,0.12598428090544223,-9.687234999999873,0.0,2.0
TDV RDI30_3,2019-10-13,-2.0,0.12598426600429513,-21.92648530000008,0.0,2.0
TDV Control_1,2019-10-14,6.0,0.9916365145958181,282.40399999999954,1.0,0.0
TDV Control_2,2019-10-14,3.0,0.9291253088059568,100.91125300000022,1.0,0.0
TDV RDI45_1,2019-10-14,1.0,0.5708661428847092,405.57674669999994,1.0,0.0
TDV RDI45_2,2019-10-14,1.0,0.5708661391618063,132.17775999999998,1.0,1.0
TDV RDI30_2,2019-10-14,1.0,0.5629921404527212,181.63176270000008,1.0,1.0
TDV RDI30_3,2019-10-14,1.0,0.5629921330021476,321.53981869999996,1.0,1.0
TDV Control_1,2019-10-15,7.0,0.9958182572979091,418.6224000000002,1.0,0.0
TDV Control_2,2019-10-15,4.0,0.9645626544029784,209.01440000000002,1.0,0.0
TDV RDI45_1,2019-10-15,2.0,0.7854330714423545,34.388053300000024,1.0,0.0
TDV RDI45_2,2019-10-15,2.0,0.7854330695809031,81.84592000000004,1.0,1.0
TDV RDI30_2,2019-10-15,2.0,0.7814960702263606,150.50199729999997,1.0,1.0
TDV RDI30_3,2019-10-15,2.0,0.7814960665010737,261.637994633,1.0,0.0
TDV Control_1,2019-10-16,-1.0,0.49790912864895454,405.33280000000013,0.0,1.0
TDV Control_2,2019-10-16,-1.0,0.4822813272014892,185.41600000000017,0.0,1.0
TDV RDI45_1,2019-10-16,-1.0,0.39271653572117726,-287.99994669999995,0.0,1.0
TDV RDI45_2,2019-10-16,-1.0,0.39271653479045154,-66.20223999999999,0.0,2.0
TDV RDI30_2,2019-10-16,-1.0,0.3907480351131803,73.06631730000004,0.0,2.0
TDV RDI30_3,2019-10-16,-1.0,0.39074803325053686,68.00962129999999,0.0,1.0
