,LTP_1,LTP_2,LTP_3,LTP_1_std,LTP_2_std,LTP_3_std,DIFF_1,DIFF_2,DIFF_3,DIFF_1_std,DIFF_2_std,DIFF_3_std
0.0,-0.8909543237567167,-0.26787685135169914,0.6368474646950911,0.34970909759795854,1.4766024174764774,1.1523341782166168,-0.0006867639370500101,-0.0005955985682093397,-0.00011738512694350791,0.002228884753779043,0.005767095371068315,0.005034583727330667
0.1,-0.895326511637216,-0.26894270214086585,0.6351609281704079,0.34302266084039185,1.4640400397279854,1.154378397203792,-0.0006573566070489595,-0.0005986505868166592,-0.0001338839083546361,0.0022135444901101313,0.005784764016259128,0.005054535168649767
0.2,-0.8998512729660997,-0.27013770150636984,0.6331827484618853,0.33645096096830324,1.4513133468110555,1.1567282323293266,-0.0006275110996004793,-0.0006015318116690411,-0.0001508612561453352,0.0021972060523749123,0.005805078032985182,0.005079790079420457
0.30000000000000004,-0.9042035681857199,-0.2713577282885131,0.6310441803856398,0.3306075487005331,1.4414299128183305,1.159168635375493,-0.0006644025965972267,-0.0006041399788961758,-0.00016753759330711488,0.0021807304627068703,0.005824991012464166,0.005106078769232355
0.4,-0.9084439509402635,-0.27243618957345966,0.6287771985383641,0.32529496571951677,1.4330170197021015,1.16186793376788,-0.0006574912628170083,-0.0006067731556945845,-0.00018340359308013574,0.00216601302605561,0.005842373904286981,0.00513135683564151
0.5,-0.9125952209444068,-0.2734426002486149,0.6264724319938005,0.32013490505054465,1.4251849611888752,1.164424942571549,-0.0006374373515748819,-0.0006097001818912812,-0.00019860849933350398,0.0021550303728143094,0.005854515933546912,0.005155175293293201
0.6000000000000001,-0.9165146424632473,-0.27441963798026414,0.6241021620848363,0.31555303847494887,1.4177302410663046,1.1666705820894843,-0.0006016435707568579,-0.0006135507006416423,-0.00021297247322037133,0.002139704489170238,0.0058641702367249965,0.0051788517117393644
0.7000000000000001,-0.9206042345730598,-0.2754422446913772,0.6216019525166129,0.3103856062989669,1.410057849573529,1.1691121164498872,-0.0006254400033352397,-0.0006164374131867222,-0.00022710943674430207,0.00212592210975252,0.0058797864906030796,0.005211553336356866
0.8,-0.924621845605315,-0.2765736220990137,0.6189303276787821,0.3051662972617529,1.4023144092804334,1.1724181720876563,-0.0006360193887408291,-0.0006195912808006722,-0.00024061746561706491,0.002118914972881756,0.00589533240007552,0.005248251860909781
0.9,-0.9283073463776889,-0.2776533964889441,0.6161831307673769,0.30069367014493703,1.395012019498928,1.1761787888718587,-0.0006316623605938939,-0.0006246129083847602,-0.0002535519177604672,0.002112473906871845,0.005907975099341896,0.005284527741204963
1.0,-0.9315554355411373,-0.27871249390943065,0.6133460457152929,0.2973912628577953,1.38777198582457,1.1803723472179495,-0.0005837986941462217,-0.0006311819196577753,-0.0002668281843281881,0.0021095970001250076,0.005921645033291774,0.005319556880464807
1.1,-0.9345793102836737,-0.2796855453859503,0.6103882761816722,0.294493604404025,1.3809049125681943,1.1849183428549972,-0.0005948259489319763,-0.0006390526583338469,-0.0002801360468140578,0.0021074950094230453,0.005931241556509443,0.005355486341498472
1.2000000000000002,-0.9374483156529784,-0.280703927471037,0.6074770255032411,0.29185073913163667,1.3741601568562036,1.1905290948451874,-0.0006224811625021283,-0.00064834039167711,-0.00029257835487461666,0.0021110256366063044,0.005935311711072443,0.005390691206212788
1.3,-0.9401347261961727,-0.2819199225029582,0.6045993158563653,0.28960769114013224,1.3670134825296714,1.1973763135996436,-0.0006202662721710262,-0.0006573171262482577,-0.00030584515639030214,0.0021129161557233325,0.005939777863186325,0.0054248745926021415
1.4000000000000001,-0.9426603485527274,-0.2833357094580476,0.6016906943360341,0.28765125849916057,1.359735596506655,1.2044884026048805,-0.0005878523975716886,-0.0006653855603518856,-0.00031992376836936787,0.0021129686850954255,0.005946945117238427,0.0054579653829928965
1.5,-0.945085400342348,-0.2848279518755246,0.598724595534859,0.28568354278745456,1.352716062353293,1.2117123765083035,-0.0005791862247984004,-0.0006725075066366029,-0.0003335267812833094,0.0021181457369876754,0.0059639366069120315,0.005495079835517866
1.6,-0.94738453230956,-0.2863723572777869,0.5957046939606475,0.28384654917319563,1.3461351694732964,1.2191903028001,-0.0006146313701349848,-0.0006787604153056703,-0.00034567344836881637,0.00212538090187907,0.005984813363420025,0.005536135722089107
1.7000000000000002,-0.9494712163520812,-0.28806092223970764,0.5925703950207418,0.2825778293460548,1.3392229793971244,1.2269921199970348,-0.0006128478982374867,-0.0006834148007039946,-0.0003561183973976097,0.002136512560934544,0.006002791459636611,0.005576780122480909
1.8,-0.9512651381655168,-0.28974134038529487,0.589428046993277,0.2819837754722876,1.3318542013065056,1.2349558915377319,-0.0005901201404724715,-0.000686715615464288,-0.0003655560008112331,0.0021548863985552296,0.006018874540358254,0.00561685482442759
1.9000000000000001,-0.9528221201032326,-0.2917040119754249,0.5864047079315544,0.2817705411503543,1.324579895539019,1.2426127325243415,-0.0005666324475569127,-0.0006895367464239623,-0.00037408809191078623,0.0021747671265640385,0.00603462678878127,0.005657445291566421
2.0,-0.9541731125362768,-0.29391403006369327,0.5834202849521349,0.28207454913836943,1.3166732822230112,1.2499073508783318,-0.0003722141975121827,-0.0003783004065506593,-0.00047200925269675964,0.0015759536384147596,0.00465136966644149,0.0038032310662505014
2.1,-0.9554767411311882,-0.2961826851204989,0.5803797498709542,0.28239323850874076,1.3081360224267085,1.2574103737972533,-0.0003111098091825212,-0.00031875067096145753,-0.000492890061787459,0.0014204242909065087,0.004375502320376678,0.003416943389168993
2.2,-0.9566965597596263,-0.29842779743159664,0.5772987777399988,0.28262936975433145,1.2992471617945514,1.2654444777058849,-0.00028481030674055785,-0.00032214084968237904,-0.0004941709154006491,0.0013900633416645124,0.004379808919348226,0.003402009971601177
2.3000000000000003,-0.9578445860522614,-0.30070395401477396,0.574162237056365,0.28277401397911683,1.2898495812808322,1.273553918140727,-0.0002556674703792882,-0.0003262118233966601,-0.0004942767731858438,0.0013649194925965111,0.0043878818013903705,0.0033825147746863403
2.4000000000000004,-0.958898541961732,-0.30302289194668225,0.5710113565485392,0.28284761568650574,1.280182521218832,1.282662977887558,-0.0002229925302062375,-0.0003305377747914355,-0.0004931756239029552,0.0013417933661670227,0.004394434460158942,0.0033570245336075537
2.5,-0.9599198549320547,-0.30545121866161573,0.5678134037009274,0.28284925117796783,1.2706383945865578,1.2929402959256602,-0.00018649868728350474,-0.00033490357629309446,-0.0004930728243883674,0.0013200274687358493,0.004398149154629159,0.003325686705395643
2.6,-0.9609961259586868,-0.30799859024505083,0.5646373246618616,0.2827587192771148,1.260837762697675,1.3029384001997968,-0.00014716002867793835,-0.00033942393811399625,-0.0004953693826840778,0.001301904146596476,0.00439483847599696,0.003290535232724112
2.7,-0.9621191886602175,-0.3103738426145811,0.561398437838693,0.2826091916967291,1.2500685176929305,1.3130573888133243,-0.00010336129564984188,-0.0003427502018023383,-0.0004972054103441793,0.0012829435574259408,0.004381813795462168,0.0032475967675996216
2.8000000000000003,-0.9632109689258289,-0.3128213919739504,0.5580710261813092,0.2824461797358502,1.238910375379834,1.323469293784746,-5.5177096656149485e-05,-0.0003445528836741789,-0.0004950643287407714,0.0012627890819496867,0.004361372308629068,0.003197720825461151
2.9000000000000004,-0.9642646462688741,-0.31553061296591206,0.5547169249881303,0.28229763101114874,1.2273113727438627,1.3344236416733133,-3.5610986303310205e-06,-0.0003444761843056321,-0.0004892986180707222,0.0012458508651491237,0.004333747107690359,0.00314028357641426
3.0,-0.9652959850757981,-0.3183607708184768,0.5513109194548071,0.2821938144525121,1.2156661422624457,1.3457155948557662,5.150500160243809e-05,-0.0003420597459898832,-0.0004820548274581905,0.0012335942767441937,0.004291293710047512,0.003066223891622249
3.1,-0.9662903688121556,-0.3212562904614701,0.5479199648310975,0.2821417493222798,1.2062197026386896,1.3570781284639486,0.00011073229508608894,-0.0003370209073295416,-0.0004742700309679467,0.0012245628828571704,0.0042402674040984065,0.002981553489515998
3.2,-0.9672412287272318,-0.32422965145180405,0.5445876386995601,0.2821008082999314,1.1998054843894639,1.3679521743638146,0.00017449593984211254,-0.0003297976136932882,-0.0004668626751771968,0.0012173306136450991,0.004182601262039365,0.002888336457077558
3.3000000000000003,-0.96813517684146,-0.32713212157391275,0.5410775201248303,0.2821687744636286,1.194066110891489,1.378840109837262,0.00024288183876077513,-0.0003213558805047508,-0.0004587215060112565,0.001211852053961806,0.004108263947073508,0.002784522257853619
3.4000000000000004,-0.9689564671118173,-0.3298475197400048,0.5374396297111955,0.28222737839459966,1.1891528939822276,1.389720316418912,0.00031647056272097893,-0.0003123772558750081,-0.0004498919742201377,0.0012081935276478382,0.0040266678259133605,0.0026750934504638792
3.5,-0.9697114302813592,-0.33243587367155236,0.5338629792520201,0.2822364393463754,1.1845521606719656,1.4005689363913705,0.00039586650966620934,-0.0003035951161200956,-0.0004414887029040435,0.0012042429134017129,0.003948151649723099,0.002570849599503272
3.6,-0.9703241716699472,-0.33487038279391024,0.5305041739843438,0.2822427655074291,1.1810918307116467,1.4111884414892555,0.00048168463582617753,-0.00029628495626415197,-0.00043554888382392796,0.001198087729575954,0.0038698270033680217,0.0024817258492140066
3.7,-0.9707458226864575,-0.33713658037409305,0.5274084880804188,0.28221419786646895,1.1810795972965338,1.4215242854873409,0.0005738013290999354,-0.00028771776974633085,-0.0004309495575076939,0.0011919618802706251,0.003793078711723706,0.002405358541000337
3.8000000000000003,-0.970919784780288,-0.3392833888451689,0.5244791778876653,0.2822568221235135,1.1811898552854057,1.4316457637868838,0.0006712567606378956,-0.00028031014427600654,-0.0004277139611022305,0.001187086191450706,0.003725909367607987,0.0023395286484622214
3.9000000000000004,-0.9707428756739431,-0.34150423441259525,0.5217190502128062,0.28232104995938145,1.182846008324754,1.4413671863511692,0.0007739296757891029,-0.0002704412737979986,-0.0004268076516109427,0.0011817319568532048,0.0036666628350500905,0.0022881158219929688
4.0,-0.9701302644609885,-0.3436325659317374,0.5191698354258095,0.28264033556467116,1.1858753709441194,1.4508306461392013,0.0008808851048360181,-0.000256761541632746,-0.0004274651545049276,0.0011781872548234757,0.003612197816054601,0.002248985515113713
4.1000000000000005,-0.9689763170201466,-0.34556394024643194,0.5167944623325154,0.28310615194888056,1.1889265781682656,1.460330602259888,0.000993305793033086,-0.00023953621659939092,-0.0004307864398750988,0.0011733119580441245,0.0035555392602516674,0.0022328657485667326
4.2,-0.9670934332638647,-0.34761052730824205,0.514560725341143,0.2835083307809327,1.190884297758234,1.4697042698646887,0.0011108313535571762,-0.00021956633969616432,-0.0004388388373553783,0.0011668659900840146,0.00349745055015024,0.0022493510582855384
4.3,-0.964320060004266,-0.349815062951907,0.5124421520894092,0.28387726051960416,1.192642770808165,1.4778650956138477,0.0012329831651638028,-0.00019632357052860077,-0.0004520814314235819,0.0011598501119662009,0.003429731114978882,0.0022995914568701968
4.4,-0.9605598853390412,-0.3519433243213527,0.510460485776178,0.2843445360574387,1.1946867453773427,1.4845452253688052,0.0013597918057218115,-0.00016793459951380664,-0.00047042920732982737,0.0011541674481859202,0.003357043802943494,0.0023673278154270924
4.5,-0.9558295689819509,-0.3539945771349479,0.5080745943798803,0.2852159420302923,1.1972295244554696,1.4903502447876524,0.0014918627093868627,-0.0001343446820815051,-0.0004937933252437186,0.001150070630321816,0.00332544842852737,0.0024670927838014033
4.6000000000000005,-0.9501735136453975,-0.35605408718461845,0.5051053386979101,0.28631114521692125,1.2013006753397193,1.494513795696075,0.0016291351513218009,-9.55832632123832e-05,-0.0005226570290274285,0.0011465513818164769,0.003330154389502066,0.002613170350694031
4.7,-0.9435378210448907,-0.35778456941181275,0.5022758945801651,0.28760132726267557,1.2043302110473484,1.4978176940799635,0.001770603770588221,-5.4957961335605436e-05,-0.0005572145366306981,0.0011423282308070705,0.00335941670461778,0.0027852959278359076
4.800000000000001,-0.9358614636033652,-0.3593099873586789,0.5003046046496529,0.28904471050772523,1.20716134533379,1.500224075490706,0.0019150961061539672,-1.2117761901601659e-05,-0.0005962967183026379,0.00113985872526188,0.003433543100423504,0.0029685804317772613
4.9,-0.9270156686038254,-0.3602672701337359,0.49902222828414833,0.2906226988085784,1.207753001939335,1.4999918784008293,0.0020626217031332853,3.651992464764864e-05,-0.000640284061530579,0.0011413787008920364,0.003516894006676298,0.0031559827295667216
5.0,-0.9169021175607129,-0.3606484199197046,0.4979624857526853,0.2925224802727797,1.2056872661692248,1.4963501233326686,0.0022136004704470073,8.941794261185055e-05,-0.0006896289866568268,0.0011503867382674196,0.0036059680766952554,0.0033432491701271415
5.1000000000000005,-0.905525633213968,-0.3603151297850475,0.4968657535415458,0.29466347359008177,1.2046130479731325,1.490365058822891,0.0023688246630140454,0.0001447653667717846,-0.0007442867095099475,0.0011619396702533087,0.0036957010001654068,0.0035463076162567234
5.2,-0.8929165596129014,-0.3595307014001675,0.4957406078071146,0.29703180567334975,1.2044831356609744,1.4821953091318893,0.002527186392223279,0.00020193463331645217,-0.0008037404739258388,0.0011762435264890002,0.00378471248028586,0.0037599287999641813
5.300000000000001,-0.8789877496878655,-0.35869336797470375,0.4948455887633859,0.30015683233809676,1.2009700292635488,1.4710390542876897,0.0026891550560609497,0.0002623186362745413,-0.0008668111742135027,0.001196012379004295,0.003897804341659777,0.003987801124635375
5.4,-0.8636348441111695,-0.3579413371306411,0.49407818240713963,0.3034840731656442,1.1942548840511216,1.4566409880931541,0.002854741342215523,0.00032491522849489445,-0.0009340511635379002,0.0012191105394289794,0.004075022534676337,0.004220206584530601
5.5,-0.8467521714099279,-0.35737536301491046,0.49304910906555505,0.3070178839981064,1.1887518822603946,1.4377372629480967,0.0030234680640452783,0.00038865162087677144,-0.0010060118849421283,0.0012420450092891298,0.004279935891081954,0.004454054480874431
5.6000000000000005,-0.8281974188721033,-0.3571731630241503,0.4913649869384066,0.3106108021613689,1.1813924939791958,1.414656356833345,0.0031946947175933113,0.0004545075775763736,-0.0010825594284533213,0.0012670008283306724,0.0045158811004051705,0.004692645077220247
5.7,-0.8079458713754758,-0.3567825030704894,0.48930755547540816,0.31422340685564054,1.1711950234747563,1.3904612016973046,0.0033688946232343924,0.000524835913787354,-0.0011643268271574725,0.0012978137435035906,0.0047543192916772005,0.0049457795346371835
5.800000000000001,-0.7861379043692951,-0.3566990492977866,0.48685220592098044,0.3177450352185049,1.159891414123897,1.3661473848358008,0.0035448120438780844,0.0005999078211284051,-0.0012522156780932284,0.001334656394062923,0.004990548781055895,0.005208576098340913
5.9,-0.7628748005363036,-0.3561229783801036,0.4839649500172729,0.32109248426788645,1.1473439493128668,1.3409202471816941,0.0037214427500955076,0.0006830690347066953,-0.00134586199396644,0.0013771472375455427,0.005212271861020531,0.005472150728561884
6.0,-0.7383594577750868,-0.35489129378059425,0.4807591454196272,0.32474081471899957,1.133503935476895,1.3147615967636062,0.0038987780917521036,0.0007694002303911415,-0.0014450322305025003,0.001422432789053736,0.005419570130453269,0.005729959135870769
6.1000000000000005,-0.7124621931632884,-0.35293749743474234,0.47675161510721425,0.32841657724268775,1.1184785789421634,1.287060349783213,0.004076919645927033,0.0008555631928771374,-0.0015474658426944514,0.0014694616099481966,0.005628894485196457,0.00598409879961789
6.2,-0.6852862391456103,-0.35023264635776197,0.47153609225729604,0.3317839493516797,1.1034375434733434,1.2579845726682017,0.004253861389923257,0.000940867003043386,-0.0016534137887368797,0.001520218192544121,0.005864666067082784,0.006240211026848472
6.300000000000001,-0.6569379148708611,-0.3468034615124636,0.4650140241281063,0.33515494239911553,1.0875287739688202,1.2276498550190527,0.0044281931153941235,0.0010274346654236606,-0.0017639093319610137,0.001573309206944965,0.006089834865003842,0.006491082957659948
6.4,-0.6273541281853888,-0.3420520298243002,0.4572524597434053,0.33864116104802383,1.0701820906569077,1.1961319730589173,0.0045967238394044275,0.001112358934749578,-0.0018787076909542674,0.001632138334364123,0.006287310125557583,0.0067317683390448494
6.5,-0.5964680149102982,-0.3362360094831251,0.4482534913121476,0.3432827357485761,1.05546386494827,1.1651639254870054,0.0047589786189672235,0.0011965827274591648,-0.0019927725162957343,0.0016943534230399492,0.0064547035138189475,0.006958690101275745
6.6000000000000005,-0.5644018311112167,-0.32929525291203443,0.43790052170086907,0.3487869334064589,1.0438655978203493,1.1369078955599972,0.004915259746506009,0.0012837512423858309,-0.002104583525927537,0.0017576426771732945,0.006604308346693263,0.007175268986309327
6.7,-0.5314448653058816,-0.3219464895904741,0.4261778457689472,0.3550570118566014,1.0343616538123115,1.1097541566600586,0.005066509103780412,0.0013713466931049825,-0.002217943709335555,0.0018270592571313416,0.00675472200960498,0.007382965222658524
6.800000000000001,-0.4977358858735174,-0.31386860770093494,0.41328760768963857,0.36163896412335406,1.0262705151852767,1.0823381376213352,0.005212460983482285,0.001459491896054585,-0.0023389187691577186,0.0019000107117588642,0.006910127743699048,0.007578288518258903
6.9,-0.46326327739472406,-0.30470457643565196,0.39916051210389397,0.3686291033909491,1.017689433619767,1.0540528003926406,0.005352661701884052,0.0015451195350994202,-0.00246712200628972,0.0019726488579614324,0.007046964719889587,0.007756765352083233
7.0,-0.42788879780357963,-0.29473155531567397,0.38370736296588104,0.37558762712902355,1.0081220531285353,1.0246060431123,0.005485804191092866,0.0016271689425057746,-0.002599168493911953,0.0020481570254705732,0.007148206980391519,0.007907351922678335
7.1000000000000005,-0.3914901795973936,-0.2842445386350473,0.3669809907151888,0.38258172366197163,1.0000002077970283,0.9956556751525877,0.005611950720046162,0.0017049876113855408,-0.0027329240710508755,0.002126135713429369,0.007219116526718346,0.008039682743458695
7.2,-0.3542975293762677,-0.27342162552718696,0.3492261512865483,0.39015950565895874,0.9976916166875318,0.9707136359827516,0.005730776998678405,0.0017783166743236408,-0.002868333316178207,0.0021968429926301184,0.007275713719182301,0.008169955222172344
7.300000000000001,-0.3161757417157113,-0.26168826030687314,0.33043110001323067,0.39808240780688287,0.995799688848686,0.9461427096190289,0.0058420419657848575,0.0018516218787766189,-0.0030070097554478546,0.0022594659760876933,0.007296507793581371,0.008268469954731518
7.4,-0.27711464342697684,-0.24933640129271492,0.31046466145505647,0.4055603874842291,0.9965121764477032,0.9234171202855258,0.005943915769506389,0.001926480297185805,-0.003148383672993784,0.0023131226699903947,0.007274596923168053,0.008329300085948685
7.5,-0.23727342156066297,-0.23658068468298124,0.2894379226504984,0.41248885061696305,0.9986215310156803,0.9045935534011579,0.006037751599945654,0.00200277302051467,-0.0032896668369145937,0.0023577331568664333,0.007218757256013259,0.008349618073243447
7.6000000000000005,-0.19667602679159102,-0.22305097853415584,0.26751343577960396,0.419711680307548,1.0042029134395816,0.8878215662663272,0.006120260072220192,0.0020806580678067203,-0.0034260800473267833,0.0023954231936833925,0.007140025885826557,0.008326996796598138
7.7,-0.1551946875775874,-0.2082704094638792,0.24455398563131447,0.42748392414726355,1.0122612787676188,0.8726613473719996,0.0061888521129926195,0.0021580672546968557,-0.003558207352081145,0.0024309050575410975,0.007023237003834712,0.008282813819133553
7.800000000000001,-0.11310763853865995,-0.19211497589918103,0.22030218298896978,0.4363615388072124,1.0219740567031612,0.8602518991980447,0.006245622673576786,0.002241965009044039,-0.0036869214257031573,0.0024660579025209376,0.006896038102514477,0.008250743083494721
7.9,-0.07052094221306676,-0.17412187145030783,0.1948249565924296,0.4462487616205386,1.0314564020901942,0.8504952618854646,0.006292558491977811,0.0023247326252952634,-0.00381353238858925,0.0024965353631110536,0.006784741889151259,0.008214594314861474
8.0,-0.027298966555782542,-0.15551745740909875,0.168307972847203,0.45600146206663583,1.0413903308288874,0.8413760383077231,0.0063316443340864295,0.0024042603212142757,-0.003939372313273991,0.0025169104772339436,0.006656574883147983,0.00816446410780322
8.1,0.01658812072214918,-0.1368168258386494,0.14123067247174112,0.465311752399947,1.0564291156192667,0.8337084501344111,0.006362160948451376,0.0024712922518547835,-0.004061426996145458,0.0025276370486572745,0.006518977881788298,0.008098229609151464
8.200000000000001,0.06087005395270882,-0.11835735344986863,0.11340773852335874,0.47466315183239904,1.0763115691122778,0.8292573736185349,0.006384690167146794,0.002528063332314309,-0.004175187561830511,0.002526349256615524,0.00643195782344363,0.008027942498574366
8.3,0.10529748231356523,-0.09978271011238377,0.08455820063765526,0.48442722851962977,1.101426940468259,0.8263120018039939,0.006399907480369387,0.002576627218150939,-0.004280166123216472,0.0025146014267807227,0.006327116832578065,0.007953080759795452
8.4,0.14924645345094067,-0.08164032846670163,0.054969500210184895,0.49510525506734326,1.1246653895695113,0.8269309736898622,0.0064062092658250655,0.002613563383833218,-0.004375302160581734,0.002496920894601603,0.006214835703025872,0.007872134657523538
8.5,0.19266982134472865,-0.06336413373448191,0.025301434176420667,0.5056835985207079,1.1447032736613563,0.8302361923987487,0.006402919354042227,0.00264249228657912,-0.004458067449658382,0.0024758460213133225,0.006112054203537436,0.00778439935391536
8.6,0.2356215138144341,-0.04444656077728017,-0.0044519440215858375,0.5159277339993704,1.1636769438731593,0.8362695476833428,0.006392360074769052,0.0026661902567077316,-0.004528903699086393,0.002450966674470705,0.005999025514516163,0.0077008956211381254
8.700000000000001,0.27835245023087396,-0.025156603140050717,-0.03472349091969994,0.5259393309338479,1.1785828991954987,0.8426892116818997,0.006375035509063248,0.002683360705976145,-0.00458983371359269,0.002419371499990974,0.005863357372448114,0.007628037454847626
8.8,0.32084084679814445,-0.005516750648867086,-0.06606635202346545,0.5353290913796288,1.19813385580501,0.8504469328879191,0.006352355722885191,0.0026957079930587592,-0.004641468950588784,0.002385188744709125,0.005715483638404451,0.007563259622319066
8.9,0.36306975235053823,0.013876550261883131,-0.0983204684441177,0.5437634097453118,1.2195339102895348,0.8593295070109029,0.006325263474294772,0.0026992233847776734,-0.0046820603931227315,0.002349559599527104,0.005569222300726623,0.0075051967041595245
9.0,0.40485574382641054,0.033087019894564744,-0.1311705732650033,0.5523860192577285,1.2372700631995752,0.866172864825504,0.006292657256514117,0.0026938690519430182,-0.004709907219368104,0.002315340424365091,0.005483649678915394,0.00743749445294935
9.1,0.4462128455884155,0.051853850273974246,-0.16441134571222793,0.5606540065917005,1.250563451097964,0.8718104915406404,0.006253053680180304,0.0026847855167272568,-0.004726908719304704,0.0022911490336587795,0.005396225081674525,0.007358490916544688
9.200000000000001,0.4870642559030458,0.07018529618155778,-0.19815734167625132,0.5668642289316165,1.2602352230367961,0.877567268188972,0.006209413718554978,0.0026739023230492103,-0.004735894418567524,0.002270752154489053,0.005312131069014431,0.007274412858350065
9.3,0.5273265688639805,0.08865826148836367,-0.23244274167419485,0.5715872391886573,1.2656557212795017,0.8801285219647594,0.006161319893091746,0.0026571400832312926,-0.004735284485794428,0.002258225449764133,0.0052880929028608185,0.00718412328553632
9.4,0.5667938964418245,0.10744460052304876,-0.2672329616981802,0.5749410355646221,1.2650077460555649,0.8813245859015709,0.006106607299936068,0.002633654391488389,-0.004723659719540547,0.002263446970441816,0.005278221886043644,0.007088361744759468
9.5,0.6058326076734935,0.12637680658233502,-0.30201469399621184,0.5768152418520706,1.2589446836618157,0.8827796333633686,0.0060457320257195175,0.0026060509384209373,-0.004700650520296,0.002273521508402856,0.005291044458812725,0.006994460413896148
9.600000000000001,0.6436358594189165,0.14529504193244222,-0.33623835859572815,0.5772242813965254,1.2477735560168364,0.882930562904249,0.005980478339724511,0.0025725924565821417,-0.0046693056297071895,0.0022866962998543674,0.005363641959122305,0.006918615020317331
9.700000000000001,0.6798301113263544,0.1643640693551716,-0.36986432204802533,0.5774138501028586,1.23312864283268,0.8827295514505025,0.005907936264928007,0.002527570143769028,-0.004631656144089666,0.0023115560733220466,0.0055025782307457196,0.006844357267963194
9.8,0.7148372385551166,0.18476354123797273,-0.40310209933135704,0.5769360766636823,1.2222760110011779,0.8808997560431215,0.005829299176197694,0.002470089561955879,-0.0045851402340162245,0.0023429423355275343,0.005651059035454272,0.00678481038869002
9.9,0.7490295209214758,0.20508736457008558,-0.43632375046488714,0.5746177216652897,1.208631236146753,0.8784158771386164,0.00574523882722444,0.0023951552565822983,-0.004528647732401283,0.002375860763323343,0.0058024370300347365,0.006745567526527559
10.0,0.7826071849205471,0.2250428569619138,-0.4696767015050081,0.570646080190205,1.1970206529301055,0.8767120482592816,0.0056555336084631565,0.0023138275077702565,-0.004463235256293023,0.002401098177740115,0.005954964538118001,0.006717345656448065
10.100000000000001,0.8154773422755108,0.24259893836614038,-0.5026898207309208,0.5649870868039343,1.1817214822650424,0.8791030861232092,0.005558636154480091,0.0022275668735893335,-0.004392866157469525,0.0024185467703575904,0.006122135638922677,0.00669002997884732
10.200000000000001,0.8477761635097978,0.2585602557224731,-0.5348528242497049,0.5575061134003797,1.1672873219646343,0.8856521559819309,0.005456344511093231,0.0021416835284250603,-0.004317647797711304,0.0024373837061001844,0.006331448513514418,0.006663872406277364
10.3,0.8794543726300741,0.2733111987855978,-0.566220196138255,0.5488154084834093,1.1530435072566074,0.8948826130364459,0.005349717489403182,0.002057572794980243,-0.0042323124055926855,0.002447052708490665,0.006560178254717362,0.006636178360134106
10.4,0.9101532726950885,0.2864063196965111,-0.5963304388972652,0.539775313591309,1.1392915746572525,0.9037571602479934,0.005243750061561145,0.001971948822963472,-0.004138820153494057,0.002450403204707587,0.006751532917609444,0.006607581137732926
10.5,0.9399218669472891,0.2990495763039532,-0.6247202848822525,0.5299470979440032,1.1228572326511783,0.9138717136924848,0.005138327832564141,0.0018842031422217703,-0.0040431003453520005,0.0024569524169512184,0.006902033787116665,0.006575698119933163
10.600000000000001,0.9691808107600706,0.3113285351115881,-0.6516133222585165,0.5189764409999864,1.1036290115966234,0.9241455791748917,0.005034270804432943,0.0017965710436012813,-0.0039438493436326095,0.002473104786850557,0.007049346109017394,0.006543672149348741
10.700000000000001,0.9977352966372205,0.32269937318100655,-0.677613923878789,0.5074690236816718,1.079882064645073,0.9348506691175651,0.004928528750880519,0.0017058842593572563,-0.003841019120486234,0.002496831182807468,0.007219458634997534,0.006509414807855539
10.8,1.0258159215047882,0.33337437818510124,-0.702488123760216,0.4962682242564178,1.0563626986558328,0.9464535319640963,0.004818836010651075,0.0016124706712926566,-0.0037320616994718455,0.002537871497311944,0.007407402110310445,0.006467994170852041
10.9,1.0536082330232388,0.3430239181728581,-0.7258588079083995,0.48499247362212483,1.0403128335047338,0.9606052288040982,0.00470273255000687,0.0015198935069575298,-0.003617001994806623,0.0025842889376325073,0.007613499289604967,0.006422508032553919
11.0,1.080867017497915,0.3514856371333658,-0.7475105288555118,0.47428911954148456,1.0251851417336066,0.974243309072286,0.004580976505793045,0.0014243278836701592,-0.0034956784167382436,0.0026347251367597174,0.007805102812410841,0.006359652357875614
11.100000000000001,1.107559306888492,0.35968502807170066,-0.7679652189390763,0.46552800183347337,1.009596699379157,0.9870722039202486,0.00445325897312667,0.0013252597770145444,-0.0033692505575915704,0.002697377246348763,0.007964439485735603,0.006283490431966099
11.200000000000001,1.1341176626642213,0.3677846150577001,-0.7875362499967986,0.4580940432408351,0.9922750022869414,1.0000226403026669,0.004320689918024973,0.001230621712686855,-0.003236759183471872,0.0027686681112103636,0.0080904586085401,0.006200988666154478
11.3,1.160477900099883,0.3751730493726731,-0.805769496230064,0.4521250951092033,0.9751530175225144,1.0129542920511696,0.004183793292608317,0.0011344990163876878,-0.0030999165939835675,0.0028337446120106787,0.008174632163582303,0.006099676602545805
11.4,1.1861166126236908,0.38169689894461867,-0.8224652284998498,0.4484498322529643,0.9651180991955367,1.0259130256446833,0.004045995329642069,0.0010361737220542018,-0.002959753166413302,0.002892335941960645,0.008222399954505272,0.005982824948927433
11.5,1.2111753579116442,0.3876722351075591,-0.8375867789664458,0.446368926617443,0.9574161559393467,1.038215555640995,0.0039023615191099547,0.0009363784132918268,-0.0028176672017506763,0.002942040772048088,0.0082372498544592,0.005860556211703485
11.600000000000001,1.2358690045674332,0.39277633856664745,-0.8517179136463962,0.44572688984964276,0.9498179754285384,1.049687103666263,0.0037572338920341705,0.000839771985354391,-0.0026773198306948754,0.0029853415012741696,0.008217090257008642,0.00573675113524478
11.700000000000001,1.2596547161943705,0.3962943082059213,-0.8653557578208496,0.4469761654927698,0.940946599862623,1.0596939266996057,0.0036162425281691234,0.0007449314209005815,-0.0025376901992861236,0.0030294349445196484,0.008163835820923228,0.0055995790988431025
11.8,1.2826493001057329,0.3979548366222368,-0.8780294076309874,0.44827828481183685,0.9313074354961722,1.0673614030025165,0.00347798659972801,0.0006424326084483306,-0.002397836185513771,0.0030700865012092426,0.008065549119821762,0.005446905980414034
11.9,1.3048566368585601,0.39753145761819175,-0.8895767058362767,0.4490201652690977,0.9276413071023218,1.0743028365151681,0.003338873114075279,0.0005418815795444113,-0.0022559975531130233,0.0031013906420298957,0.008002362163909536,0.005284803741440186
12.0,1.326263517848412,0.396419402038423,-0.9000957301492757,0.44939407562531886,0.9291769617393194,1.0825725368782715,0.0031972895744126757,0.0004435656862465922,-0.002110246795040568,0.0031260134321607364,0.00799378403876172,0.005113419900434337
12.100000000000001,1.346658790471,0.39431413005074833,-0.9101663727598291,0.44969568791383707,0.936543941151072,1.091029927924424,0.0030528351132431447,0.0003609284630321337,-0.001960975146515782,0.0031443155976544693,0.007966157570877696,0.004936122226913328
12.200000000000001,1.3661721912809865,0.392279110367361,-0.9196083704742927,0.4510649230824794,0.9503737565947801,1.0993657444037779,0.0029044897989917943,0.0002917296844249193,-0.0018120206545823895,0.0031535774572909406,0.00793540309835406,0.004757029968748187
12.3,1.384958014980379,0.39064086577032237,-0.9275362788695679,0.45260142945604287,0.9681801023771882,1.1077873320646474,0.0027506790268710907,0.00023274390424864806,-0.0016645837726558686,0.0031562941500572444,0.007905213504798949,0.004579435332535592
12.4,1.4035292630105392,0.38817138553965247,-0.9345549382183321,0.45347543757857356,0.992986338090904,1.1161252149432948,0.0025935984045235214,0.0001815017949311953,-0.0015203077135095046,0.003154357933192888,0.007870094740120183,0.004400686404219183
12.5,1.421683252172918,0.3852986119884723,-0.9411300540667537,0.4545469703656766,1.0276898630273241,1.124807725567264,0.002433844676884311,0.00013050009925094866,-0.0013824595502700315,0.0031462860865825804,0.007805037174063673,0.00422518252641677
12.600000000000001,1.4396691031086795,0.3832007216518767,-0.9469395256576654,0.4549831916418427,1.0623769336437094,1.134937341363336,0.002268836839514528,7.625414637727577e-05,-0.0012506556334644606,0.0031279663772930872,0.007705338956981514,0.004054612015259518
12.700000000000001,1.4568940786744349,0.3805466736147688,-0.9523174898718272,0.45493355911128,1.0987939699665514,1.145236117613465,0.0021010330373322935,2.9897456527594464e-05,-0.0011202627812237824,0.0031033105577831115,0.007566204257529372,0.0038875122424341505
12.8,1.472827619957529,0.37772898115862363,-0.9572602426607139,0.4564118520966635,1.133797273697841,1.1554560020228537,0.0019294036841464312,-1.2303485656687031e-05,-0.0009917448890618419,0.00307997113233463,0.007406316053634638,0.0037202297770884147
12.9,1.4869470129147973,0.3749503380880017,-0.9616515754976253,0.4583805302263883,1.173959049655054,1.1659630795424007,0.0017506307142264054,-4.813282556234454e-05,-0.000867002555256341,0.003060026053490245,0.0072381087438733735,0.0035558268722138526
13.0,1.4992762350906788,0.3709231115165473,-0.9651519881499411,0.4592613698030988,1.2149235943063799,1.1754623032647713,0.001564523903723751,-7.399851028880606e-05,-0.0007478771628668778,0.003041250046987959,0.007052532327550032,0.003392643619930768
13.100000000000001,1.5097745187136251,0.36610096870094755,-0.9678468193282966,0.45857374495227765,1.2519174493886491,1.1853073566144403,0.0013711309765258729,-9.746911231535007e-05,-0.0006307353371467522,0.0030286837329294492,0.00685397201134258,0.003241423209767545
13.200000000000001,1.518596983293141,0.3617172973148051,-0.969555217403096,0.45655081454037005,1.285343194105612,1.195741504588261,0.0011682635281164402,-0.00012098345188852765,-0.000513214440015753,0.003022674415237154,0.006642819358756557,0.0031040560500530073
13.3,1.5259583615294654,0.3570619678349588,-0.9708721235478269,0.4537188539118794,1.312591677762337,1.207312926763663,0.0009550771879852326,-0.00014141410845207653,-0.0003982769338214015,0.0030186145225749193,0.006461560890014491,0.002980579249038416
13.4,1.5322020400309324,0.3521215148490513,-0.9718913802914121,0.4518703215221525,1.335684684441077,1.2191603052688214,0.0007352391211040114,-0.0001546114911590855,-0.0002869677234028877,0.003021307261351117,0.0062976897157475025,0.0028661249940910567
13.5,1.5365546628032871,0.34717732917619265,-0.9726126350768631,0.4504090649726777,1.3558231519587063,1.229469654227733,0.0005099026833645505,-0.00016263519234379405,-0.00018008557380091325,0.0030334339216469687,0.006130528050671284,0.002752866462968971
13.600000000000001,1.5396575944557547,0.34305224137257156,-0.9732093426711466,0.44792259272605606,1.371504481874817,1.2390567281335576,0.00027666436373644914,-0.00016707428837170124,-7.51868907625235e-05,0.0030505443779945992,0.006016949741824791,0.0026568847344582516
13.700000000000001,1.5421787263811837,0.3392158045520583,-0.9733221334620591,0.4445871552397884,1.3824155670769953,1.2482144382155373,3.810878001275781e-05,-0.00016396727945090008,3.234286912217522e-05,0.003073122175396574,0.005910170872942849,0.002577509648830893
13.8,1.5440202972885009,0.3348247751984404,-0.9729566387535329,0.44221944577916,1.3868746982994047,1.2557878181580222,-0.00020580152560572285,-0.00015228826547419093,0.00014186310731335592,0.0030891095372304477,0.005788358021737206,0.002497867653694665
13.9,1.5447439682469766,0.33112639295869445,-0.9720082796908609,0.44289690057445485,1.3894578311268528,1.2625132622015842,-0.00045364804682665455,-0.00012884545945226523,0.00025110722601280654,0.003093970842687391,0.005656327716218564,0.0024358734719024146
14.0,1.5442180695116487,0.32786994820620985,-0.9702075784831891,0.44516379013160384,1.4020492338939556,1.2685487294111604,-0.0007059540834837672,-0.00010257733448025711,0.0003605054808238501,0.003096982942668541,0.0054974404804605725,0.0023794507349872143
14.100000000000001,1.5423179911938616,0.32627980816880253,-0.9673348745339317,0.4481450764142152,1.4227793701662013,1.2740723409016304,-0.000962102499694225,-6.869880866161908e-05,0.00047164433801178427,0.003101823795980186,0.005359276717374021,0.00233424991964552
14.200000000000001,1.5387774174043223,0.3260718031438951,-0.9638197347346699,0.4521702687504474,1.44646964546639,1.2787447230805113,-0.0012223276762878457,-3.299070576611221e-05,0.000586717907494247,0.0031168032143537644,0.005259418636199039,0.002314388156990508
14.3,1.5333779057937942,0.32697933022381515,-0.9598658658277016,0.4566698628722179,1.4708947279261493,1.2831634471023137,-0.0014867379873030027,-2.7762280909350704e-06,0.0006991020082093626,0.0031345984184214023,0.005174405219732994,0.0023193281009325543
14.4,1.5262793050877241,0.32803817861936113,-0.9555782305204682,0.46116279836414426,1.4922132822774856,1.2871052097352624,-0.0017571709663126767,3.2467341873148815e-05,0.0008108563615363321,0.003151358732802627,0.005109969568149406,0.0023687657142050845
14.5,1.5175388099948175,0.32815299712306484,-0.9511539401117026,0.4653601173565821,1.5091879344646648,1.2907068773512698,-0.0020317984823459106,7.013145977855102e-05,0.000925723400061851,0.003175252147081176,0.005047606647180744,0.0024378126535891677
14.600000000000001,1.5070147268502159,0.3276553807173947,-0.9465570435518151,0.469540643494159,1.520529431766243,1.2935709617960853,-0.0023121620446410764,9.675609654651169e-05,0.0010414006600621964,0.0031927028805550962,0.005004745115655251,0.0025131525743511247
14.700000000000001,1.4952105532175328,0.32809885186595517,-0.9412875558869952,0.47374027390300494,1.5255068049949065,1.2953596480777334,-0.0025957790542698532,0.00012058546063227343,0.0011597331781300463,0.0032010733061593015,0.005138657040051726,0.0025897380439829326
14.8,1.481855149818862,0.32888902659982405,-0.935440049877072,0.4785713139271681,1.5276401390295764,1.294988691627645,-0.002877723630726392,0.0001410522095020038,0.0012809751981332222,0.0032100691919371383,0.005331377196314419,0.0026701211859039573
14.9,1.4664239205579932,0.330261926484194,-0.9290831461040856,0.4837454226003242,1.526574932410994,1.2927877007524835,-0.0031532890793524327,0.0001553748935490777,0.001404304560750032,0.003218606917883997,0.005526143912676649,0.00276170109751911
15.0,1.448760628235218,0.3327957010213199,-0.9223176907459403,0.4894817794661773,1.5209574905593468,1.2889224569767068,-0.0034217010426267633,0.00017329396295196186,0.0015270699900648058,0.0032210202535550903,0.0057326062206177674,0.0028818931782001876
15.100000000000001,1.4286737224147883,0.3353508027392908,-0.9146355654970892,0.4949000629369427,1.5130789590811393,1.2841788709575557,-0.003682233537621672,0.00019587850746350882,0.0016501334479127239,0.003214879761980534,0.005933324254594003,0.003009265389370129
15.200000000000001,1.40614542095766,0.3378496541771184,-0.9060532537784096,0.5002025677014243,1.5026930391466904,1.278159872095274,-0.003935198138524461,0.00021162158820448336,0.0017721446119644503,0.0031965753648983447,0.0061225017641070995,0.0031358741968677884
15.3,1.3809817680430407,0.34057201615244226,-0.8968361297406866,0.5054147295865629,1.489953180503942,1.2713868608003493,-0.004181602419978373,0.00022659114872494515,0.001896334243190474,0.0031680939138382536,0.006310931963901658,0.0032652490304217892
15.4,1.353671669271296,0.3442151653348831,-0.886992868142529,0.5104168508970467,1.474804712376546,1.2636648955851142,-0.004424480279734239,0.0002414245154304994,0.0020242998393056235,0.003136851681808359,0.006520153270480191,0.0034004644158088003
15.5,1.324354299176854,0.3483807544061316,-0.8766070828761199,0.5161981300695152,1.4572972208456478,1.254281678182743,-0.004659493342654281,0.0002552885134711713,0.0021552117979415425,0.0031055500382329965,0.006793327406122426,0.0035414265191104125
15.600000000000001,1.2927929030174043,0.3526643168650065,-0.8655271895606831,0.5232692652916364,1.4384283705614143,1.2440028854895502,-0.004887361766759882,0.0002625207263147277,0.0022899975705950064,0.0030675300863059673,0.007044976469899205,0.0036931416863149433
15.700000000000001,1.2591393264632675,0.3572211401704777,-0.8532094928724508,0.5313455522137179,1.4187040066542667,1.232576743471456,-0.0051121126875827445,0.0002636443071159059,0.0024245638867126454,0.003017506958933096,0.0072755452068525295,0.00385917766583184
15.8,1.2234013358853268,0.3622286538440298,-0.8396271409190625,0.5385540376461379,1.3968610409675282,1.2191575693407395,-0.005334586855951603,0.0002633053924297216,0.0025580362669384627,0.002957754203121351,0.007495406235227902,0.004029028786716284
15.9,1.1859643902276729,0.3675785209964368,-0.8249173741927827,0.5444915256491332,1.371813408943712,1.203755056474245,-0.005551901039591519,0.00025525047387724284,0.0026912318086088033,0.0028957186095570804,0.007699699283654996,0.004197759705657498
16.0,1.146653692279092,0.37303087230345255,-0.8092071420874877,0.5496577531123278,1.3430808648652952,1.1863017011813275,-0.005762562298919508,0.00024087885884173027,0.002822022347440781,0.002835639572545114,0.00788118585681664,0.004359512300410013
16.1,1.10540989074418,0.3793096094338996,-0.7923950180743088,0.5549753756204614,1.3146339634245858,1.1672902791685171,-0.005965306866651601,0.00021832392757441425,0.0029487719155471717,0.0027713106725746925,0.00807419367115462,0.004522540817137143
16.2,1.0623150416403082,0.38563066134006546,-0.7742293355410246,0.5611967097416567,1.2867856411137006,1.1469503004518196,-0.006158897269125175,0.00018662351694822063,0.00307333222500719,0.0027002547047625144,0.008272903280652373,0.004682914848258253
16.3,1.0174310347255628,0.3912397287228691,-0.7553202664758114,0.567910051914393,1.2599982232123617,1.1263288560070979,-0.006340104585426982,0.00014502154069760128,0.0031982511179514924,0.0026263382100263797,0.008463824326666826,0.004840360121128799
16.400000000000002,0.9708763947118733,0.3975124402076857,-0.7353957694224517,0.5750290791424979,1.2377832973990386,1.1054866454190038,-0.006508979471010124,0.0001011815537657686,0.0033227466140250384,0.0025522198523785316,0.008636360415862054,0.004995153774418457
16.5,0.922951846303177,0.4034225789000046,-0.714338593191913,0.5826066203195145,1.2157050349369747,1.0848028336914257,-0.006666245568413164,5.9928177292354544e-05,0.0034459182014617757,0.002476156945847374,0.008794486561689371,0.005149235185340437
16.6,0.8734183988786607,0.40734888584346474,-0.6923290836472118,0.5888477676241649,1.19655607202789,1.0635403088528925,-0.006811731541224798,2.0992474301474057e-05,0.0035688392871487838,0.002409742911556003,0.008993239553264096,0.005296163993395353
16.7,0.8225711463384787,0.41039148871387393,-0.6691774827816551,0.5943078068252132,1.1772345844957577,1.0418490701478402,-0.00694727468650871,-2.5202436741285224e-05,0.0036895350767766717,0.0023540499705081816,0.009184773118547767,0.005436415464431682
16.8,0.7710248003969916,0.41224550730883575,-0.644910019906756,0.5995681124225639,1.1575363114018435,1.0190813401339192,-0.007071774064280182,-7.634218905310692e-05,0.0038083637014581285,0.0023015044125848103,0.009346494885955813,0.005561982160059448
16.900000000000002,0.7193043788903054,0.4128127362641998,-0.6196960683697885,0.6041964558993659,1.139675946170111,0.9948405088020471,-0.007181956663224275,-0.0001340358403776678,0.003923151255213928,0.002251327519958262,0.00947547336277118,0.005675248240371509
17.0,0.6675113374016322,0.4134440271742459,-0.5937401620724162,0.6084827577100603,1.1284367328201637,0.9711102010354034,-0.007275685622230351,-0.00020127984459356288,0.004034029762680536,0.002208037578706462,0.009569627086566652,0.005775518640960821
17.1,0.615796239716567,0.4138420813462724,-0.5669077124419099,0.6119975230470308,1.1303387785857928,0.9475385882853048,-0.007351910682332027,-0.0002731947777415791,0.0041386789173929045,0.0021703201857446396,0.009650914782449832,0.005868682522280041
17.2,0.5642059963282383,0.4130917944887344,-0.5393416555340681,0.6142127892060725,1.1377929872526542,0.9246848273144399,-0.007411079330239438,-0.00034732751758496716,0.004237124143584697,0.0021378267078622443,0.009717630347489199,0.005954321242371207
17.3,0.5125932103585074,0.41202755805519165,-0.5106951654880542,0.6167366188149841,1.1511728738816984,0.9051533499412739,-0.007452211612890581,-0.00042557949545507333,0.004330249490555415,0.0021181264507349877,0.009769806108017023,0.006030033537610449
17.400000000000002,0.4607656956868198,0.4106723890303946,-0.48087482584012414,0.6190649607390672,1.1702065151841712,0.8867597950492107,-0.007476571245788334,-0.0005121979552921307,0.004418085044528948,0.002117829477594052,0.009799025384227052,0.006098790245438011
17.5,0.4090766193366993,0.4088788012613064,-0.45002175975696884,0.6210515302544888,1.194244158358549,0.8722376050234735,-0.007485628886673201,-0.0006055641379157387,0.004500069668820364,0.002137311790403181,0.009791682871150249,0.006166001696959032
17.6,0.3576671854190675,0.40616657271518264,-0.41819196503483064,0.6220937886927443,1.2192210157150678,0.8618814136736772,-0.007478574233556437,-0.0007014016315394781,0.0045766349183174624,0.00217418012121647,0.009743128378941762,0.006222398135478597
17.7,0.30631860648016535,0.4024900001643084,-0.3860947242324492,0.62223306191758,1.2438375591533657,0.8524748645439331,-0.007455058652143961,-0.0008000403226530655,0.004645765717441956,0.0022188076965201013,0.009700772863482957,0.006264526092999632
17.8,0.25492803578872975,0.3978728717517519,-0.3536771956010734,0.6212612829009422,1.266935891443,0.8472118020009773,-0.007414425248816712,-0.0009015257550789088,0.00470593017712891,0.0022604377395821517,0.009657182443308251,0.006286748954047874
17.900000000000002,0.2037395892203326,0.39189472697288,-0.32083189754057023,0.6193720976166021,1.288690550617945,0.8441669382196617,-0.007359546988836957,-0.001006722237878654,0.004757768096943602,0.002298902174427708,0.009579789562310648,0.006296439783443049
18.0,0.15296486006541893,0.3849392240987889,-0.2877759005363272,0.6172429033146246,1.3084392873220978,0.8427132654979658,-0.007290636402469125,-0.001113553798254329,0.00480132301641455,0.0023373567468176165,0.00946463385174743,0.006296159919178657
18.1,0.10271466856932575,0.37757356980844076,-0.2546422715994366,0.6142788914482707,1.32790489503001,0.8443221006021794,-0.007206587552820436,-0.0012260115355153588,0.004836733361549642,0.0023755312976631586,0.009331766408592608,0.00628556932980232
18.2,0.053188182404182466,0.3693203239297552,-0.22122842344656415,0.6103104675907932,1.348062362529432,0.848174089973824,-0.007108076487744831,-0.00134024043100372,0.004861665584032433,0.002418920126581554,0.009223834408423734,0.006266732508802338
18.3,0.00479096296541384,0.3600496003746744,-0.18728759800659112,0.605979684867351,1.369572946783145,0.8537212140282644,-0.006995797407296386,-0.0014511255763560696,0.004878866747714445,0.0024642353684840882,0.00909870188877107,0.006260249508533995
18.400000000000002,-0.04235125220674376,0.35057353307575123,-0.15317936468882146,0.6017228697661136,1.3890641178073035,0.8613173552912097,-0.00687068930158866,-0.0015637816411252325,0.004887609198052441,0.002510713506800285,0.008961185589060817,0.006252133032709421
18.5,-0.08837547910972439,0.341019158504766,-0.11920268626318377,0.5968397308402562,1.4095310292660932,0.8700144410342854,-0.006734335947067972,-0.0016759554974526594,0.004887508674228832,0.002557985949006624,0.008822494771622199,0.006236560575271948
18.6,-0.13337805127878463,0.33096914162813723,-0.08517211751140244,0.5910969002264366,1.4361512518975479,0.8788043957459605,-0.006586309948570285,-0.0017796341240984464,0.004879861508015435,0.0026006753206206643,0.008685472708209073,0.006216041529869451
18.7,-0.17731962132028617,0.3200990029065281,-0.050998161172830646,0.5849946169873566,1.4625125146098181,0.8883160962535102,-0.006426839768403169,-0.0018776504740706547,0.0048638826168377995,0.002638521657970127,0.008539081017795337,0.006187479478534147
18.8,-0.22004102407803977,0.3083531139093222,-0.01677745566169675,0.5781468846345326,1.4867049530852243,0.8983070259845896,-0.006258986348495389,-0.001969110811168262,0.0048390778480873866,0.002675158508821775,0.008373132670506326,0.006152471018793588
18.900000000000002,-0.2612690536566809,0.2955940760811181,0.016985111037821066,0.5700053814375237,1.5107651209959359,0.9087089681160807,-0.0060855984560724925,-0.0020525709350740482,0.0048058823921940845,0.002711689236552374,0.008195985683696219,0.006104406002134491
19.0,-0.3007577601986497,0.28163339059372194,0.05014931168696615,0.5624714635312844,1.5340827409089368,0.9200314609561796,-0.005907506051272582,-0.0021334211232010014,0.00476530949124165,0.002745693987452274,0.008034236901569488,0.006051130607946158
19.1,-0.33842427341656506,0.2668678796235882,0.08268223371049897,0.5549534610451039,1.5629259007192695,0.9314436529455186,-0.0057255484832378105,-0.002212417838764622,0.004716843245728996,0.0027707956361178797,0.00792898940737519,0.005993189767398951
19.200000000000003,-0.3744712057386215,0.25144743790146806,0.11466399229279362,0.547190983382934,1.592954682396033,0.9433712282783966,-0.005540421207033804,-0.0022848544123837047,0.004660819182052401,0.0027828432707678007,0.00783810786683054,0.005933244963991582
19.3,-0.4087833509340987,0.2351328535355562,0.14603373006466194,0.5401673587913676,1.621837263019951,0.9557097051746452,-0.00535197687976978,-0.002354190360117614,0.004596186069278978,0.002788854239515225,0.007766549879918721,0.005865720849227734
19.400000000000002,-0.44132349383837977,0.21761697430645938,0.17671871828435481,0.5335132724476264,1.647327054114841,0.9676892559746808,-0.005159695413579235,-0.002421462043317086,0.004522634735002021,0.0027920968635542324,0.007706219644898629,0.005788446679507629
19.5,-0.47219114423809744,0.19925620790244297,0.20656955372145178,0.5264183546490239,1.6673623614864168,0.9796213267484469,-0.004965025317575937,-0.0024859473264220613,0.004440958400887942,0.002794853409486311,0.0076517505689777665,0.005703832491927597
19.6,-0.5013973404425472,0.18042111910093728,0.23577234291194396,0.5183288865541172,1.6831418816426742,0.9908755833674285,-0.0047693444554475955,-0.002546148691458103,0.004351460148647313,0.0027941745652074208,0.007630825679242743,0.005613329701716619
19.700000000000003,-0.5287332843355711,0.16122995301084378,0.264320428717747,0.5099266358402137,1.6957511271623866,1.001373361568604,-0.004572393046778439,-0.0026022274148335997,0.004257315504796369,0.0027895445752135926,0.007625213104552821,0.005519127190339248
19.8,-0.5540811216628502,0.14166850419697044,0.2920203955807887,0.5017904450580801,1.703997076723672,1.0113491313549536,-0.004373898691167485,-0.0026540936088466902,0.004159363226538388,0.0027812899673670282,0.007618998999614236,0.005425637700268919
19.900000000000002,-0.5778178596166255,0.12176421197806417,0.3188114217498942,0.4933755147958047,1.7073866516721516,1.0211333048965865,-0.0041751016080619425,-0.0026983712716574628,0.004057288157734038,0.00276844968083249,0.007616829195475252,0.005331361370730449
20.0,-0.599989296271562,0.10136532199363335,0.3446852110350488,0.4847223928734196,1.7066436954563153,1.0307417639264669,-0.003977177822740864,-0.0027371808521455864,0.003952089808979973,0.0027537884540273206,0.007633811561991902,0.005235236570958231
20.1,-0.6204658807747204,0.08048054773473863,0.36958206943389604,0.4760306024794003,1.701768569730058,1.0405322323385844,-0.003780811621807871,-0.0027738773877983088,0.0038444405436493484,0.002737253288466072,0.007699436205457626,0.005132889554778759
20.200000000000003,-0.6393544474650862,0.05948536930434432,0.39337748835341607,0.4674501319455828,1.69472306186194,1.0495967209448138,-0.003586527833218378,-0.002807390600461741,0.0037341312171188736,0.002716722675075041,0.007782449203206512,0.005030820030190476
20.3,-0.6567649592856886,0.03852865962895492,0.41611191012594384,0.4591546709905115,1.6878582320024218,1.0576264268035296,-0.003396253813351224,-0.002835756361160924,0.003620603768634533,0.0026936820040988755,0.007904254612911445,0.004935777682163435
20.400000000000002,-0.6728105639104514,0.017650031159448895,0.43776507828431654,0.4505041885469127,1.678489867047564,1.0648464286036956,-0.003210220312197149,-0.002862084758552606,0.0035043991015129036,0.0026725493003538414,0.008033841324981935,0.0048486852624078655
20.5,-0.6875771325727571,-0.0031150657783477424,0.4584789327586984,0.4416665708925568,1.6672202344550275,1.0714958190721562,-0.0030271910670904597,-0.002886633123693768,0.0033873281806358637,0.002653227001299396,0.008193148545668032,0.004767623695391444
20.6,-0.7010880743447885,-0.023758165493376702,0.47834902620241215,0.43286369706071826,1.6541291626807342,1.0780288581253927,-0.002849579821254877,-0.0029086336630643208,0.003268863893844363,0.002625349480736464,0.008353357768585286,0.004691129180278491
20.700000000000003,-0.7132763340157107,-0.04402461709846848,0.497305791567239,0.42477171800508157,1.6414147630837048,1.0841858578092263,-0.002676113759982919,-0.0029271102418694473,0.003149013921163741,0.002594906223467785,0.008504273261596291,0.004615107584095014
20.8,-0.7242749405973786,-0.06380230449209409,0.5152742778741403,0.41712618770999543,1.6378186301167463,1.0904466164873852,-0.0025059626307137655,-0.0029413233125494824,0.003026894567748925,0.0025665558928788935,0.008641455036279713,0.004536578949058285
20.900000000000002,-0.7341942119231545,-0.0830447252897682,0.5322162002182763,0.4101265527866553,1.637633828522106,1.0969409915379063,-0.0023417561309096056,-0.0029494934132391596,0.002905479932387926,0.0025311324062920705,0.008761799331151005,0.004460359192928419
21.0,-0.7430673453939849,-0.1018021268607612,0.5481288719860282,0.403982579145914,1.6442497375825622,1.103271368803588,-0.0021837221440691584,-0.002951453538372688,0.0027860146775034304,0.0024935081023946437,0.008857926532972064,0.004400997308304045
21.1,-0.7509828052706556,-0.12015100985984141,0.5630139367611859,0.39864231068039857,1.6523412956509391,1.1095132835932475,-0.0020334044654729834,-0.002948642010400088,0.0026689504829730416,0.0024529442566630453,0.008936189335560521,0.004350296694110265
21.200000000000003,-0.7580152006921932,-0.13806584778126013,0.5768284281204323,0.3939135514629039,1.6607717543790919,1.115218360155925,-0.0018879218409576163,-0.00294207851170533,0.0025537526016552554,0.002414812517410774,0.009004079435403293,0.004305523089919694
21.3,-0.7642545988835467,-0.1557050450278554,0.5895895338565064,0.389585658573315,1.6698205508165511,1.1205543148048984,-0.0017496047389305696,-0.0029312849817422024,0.0024408873558359177,0.002375311189686143,0.009063765584574024,0.004265642357538583
21.400000000000002,-0.7697975027398684,-0.17311928119593567,0.6014250373044745,0.38569985862531064,1.6827108025556923,1.1268363016360505,-0.0016190272487999395,-0.0029149288243384215,0.002330332816863802,0.0023338112550636294,0.009117651997878931,0.004229763371577825
21.5,-0.7747177235488923,-0.19023695881386865,0.6123443275475672,0.38207326547224624,1.7005662792993848,1.1339992892232449,-0.0014936885130406128,-0.0028940661964431003,0.0022225526765957695,0.00229511190906315,0.009155103549334085,0.004194066029657092
21.6,-0.7791244557447886,-0.20720577053272324,0.6224493291133394,0.378985324356011,1.7199878992629964,1.1407093690267096,-0.0013749426862224928,-0.0028707687436012666,0.0021166793477982856,0.00225434828192128,0.009174567777732942,0.004156082890623521
21.700000000000003,-0.7831356919523266,-0.2242089629117478,0.6318193564987812,0.37712353832408196,1.740576289376991,1.1469075230560501,-0.001263263411880512,-0.0028458769366162037,0.002012769799050689,0.0022150736928658915,0.009179759355393873,0.004117531420604685
21.8,-0.7868531105958768,-0.24102046240016003,0.6405457209117773,0.37655144699208076,1.7611378154415043,1.1534858277666034,-0.0011577196508214195,-0.002819587684458549,0.0019117861136961948,0.0021887247430170194,0.009169707545282443,0.00407889487766348
21.900000000000002,-0.7903458664939084,-0.2573223784947506,0.6487578195250776,0.3765584822299192,1.7808513436302362,1.1613800217989743,-0.0010584957503382295,-0.002791586809359645,0.001813913798706553,0.0021663885629536624,0.009152276884192772,0.004041618185877944
22.0,-0.7936783250001133,-0.2734809099792002,0.6564561463512519,0.37710756622245833,1.8007866268532136,1.1701326823554539,-0.001183855803291024,-0.0012691787277304952,0.001226053765210437,0.0029056559291802233,0.005725382201301622,0.00478916882405048
22.1,-0.7968597126079203,-0.2895774777604517,0.6636614467334646,0.378437043880986,1.8222630655910235,1.1789568689606025,-0.001159332744129266,-0.0009490429906811341,0.0010353527145360066,0.003006601181221843,0.004944383768778021,0.004934374581178875
22.200000000000003,-0.7998937626945614,-0.3056575672579128,0.6704773063445798,0.3808509595267617,1.8473782478126253,1.1888696481291061,-0.001098406029575595,-0.000927456600951454,0.0009470540598646763,0.0029530875073484875,0.004839605735295041,0.004922721164658264
22.3,-0.8028097885952353,-0.32161222083878277,0.6770419968715982,0.38388999796062606,1.8735218614970093,1.1995431429514114,-0.0010429621633868636,-0.0009055072762194445,0.0008620806556396173,0.0028994336580755974,0.004745671176738433,0.004916021385827138
22.400000000000002,-0.8054162296189943,-0.3373375840089307,0.6832029377364449,0.38798868952098026,1.8993416674404433,1.210271074221204,-0.0009927243814241424,-0.0008837922802149781,0.0007810710631935618,0.0028452543027004326,0.004676261561392018,0.004911346275779696
22.5,-0.8077144905517575,-0.3527083902388849,0.6890444644208493,0.392788902285464,1.9251213223937267,1.2210013822554253,-0.0009475702992325356,-0.0008614709366967572,0.0007037305278529026,0.002790470290479372,0.004618923700663444,0.004906851099555357
22.6,-0.8102671765093796,-0.3678915484180028,0.6945925004879006,0.3965731329963714,1.950798818811829,1.2317780019035922,-0.0009064790662376256,-0.0008384219447889363,0.0006292609222888637,0.002738611279398591,0.004564136421983004,0.004904072364645832
22.700000000000003,-0.8127380448450144,-0.3830748954681725,0.6999012970436632,0.4006641823327227,1.976019774442295,1.2426084445268109,-0.0008712513187465897,-0.0008162564098650012,0.0005576656329009615,0.002688297118110578,0.004508154604714562,0.00490200766440583
22.8,-0.8147661012894905,-0.397978857947878,0.704803121716986,0.4063053357496232,2.000159493925616,1.2529280066842172,-0.000841209519635864,-0.0007953496143153491,0.0004889492287368405,0.0026404917468029693,0.004462413706836882,0.0049002936943785
22.900000000000002,-0.81688538563841,-0.41247889343390226,0.7094754247190345,0.41158148319691396,2.023744503180258,1.262675274352394,-0.0008143582636957516,-0.0007755694008846529,0.0004238564633583299,0.002596648879272803,0.004461795536034961,0.004901469102703477
23.0,-0.8187032259475006,-0.4266626282657251,0.7140777536444075,0.4175418205827995,2.04715140832467,1.2721028260258744,-0.0007901067381514454,-0.000757747021790171,0.0003627078916574113,0.002558217524989491,0.004480052542750061,0.004906025084869896
23.1,-0.8205516756112792,-0.44060743585324263,0.7185888982463053,0.4232860196465566,2.070661494958,1.2814553262100599,-0.0007688597003059375,-0.0007411110832713688,0.0003050697907523077,0.002523702097010968,0.004529466025188519,0.004912540758859384
23.200000000000003,-0.8218879807607742,-0.4542994773954526,0.723011952899559,0.4305333871857016,2.0937801129137754,1.290344659536134,-0.0007507597302212843,-0.0007259416102548233,0.0002516733911560145,0.0024915141884234255,0.004582433520872887,0.0049210794730306364
23.3,-0.8233731720927981,-0.46781667136302824,0.7273811508183537,0.4373334162792654,2.116006995128186,1.2988585443870884,-0.000735301790005518,-0.0007116594886965459,0.00020261614298350855,0.0024623586308170947,0.004639669567755021,0.004932354582779944
23.400000000000002,-0.8247760938848671,-0.4811867733181659,0.7316452518033018,0.44438873488507413,2.1377560080349394,1.307354410145714,-0.0007221214742095396,-0.0006978465279263862,0.00015711635561552054,0.002435405473784356,0.0047040610075160605,0.004948093682202049
23.5,-0.825812615576503,-0.4944246240463252,0.7357187943072401,0.45246733022434743,2.1591260466912856,1.3161082846984304,-0.0007111062536692954,-0.0006853356066570835,0.0001153150165639454,0.0024092757195270887,0.004767829550999814,0.004964023405598449
23.6,-0.8267993062171927,-0.5075858535635965,0.7395814019034165,0.4606826898190588,2.1796506062684338,1.3254966767280272,-0.0007018064599703992,-0.0006730842761762984,7.678512875743812e-05,0.002383709083249776,0.0048303557569097525,0.004979751254291918
23.700000000000003,-0.8275947319822077,-0.5207619010917758,0.7432932903110941,0.46933763874879664,2.19976821751198,1.3345968452905497,-0.0006933923684812883,-0.0006585375740375415,4.0842347204361656e-05,0.0023600950731333735,0.004898530952865723,0.004995677794583682
23.8,-0.8278636035429134,-0.5339368346424307,0.7468821823194235,0.4794218953941671,2.219858301709532,1.3435152645868884,-0.0006850116728808336,-0.0006432958494538937,7.499264646889849e-06,0.002338174631235324,0.004968247708011653,0.005013252164469587
23.900000000000002,-0.8280160554100091,-0.5459649809757224,0.7500306733194606,0.48880582262881905,2.238308473670595,1.3518285051131511,-0.0006773105737091653,-0.0006341126273065509,-2.1517207863723427e-05,0.00231860507876263,0.005016854894181015,0.005030178478903474
24.0,-0.8280830810650658,-0.5524543090126552,0.7516717170324689,0.4939004393738587,2.2485067567535393,1.3563139204211632,-0.0006729562185307994,-0.0006296027491573216,-3.6589884902621e-05,0.0023087003614338797,0.005041477811992817,0.0050393286685949815
